Airport Code,Airport Name,Airport City,Airport State,Airport Country
AAL,AALBORG,AALBORG,,DNK
AAR,AARHUS,AARHUS,,DNK
ABC,LOS LLANOS,ALBACETE,,ESP
ABE,LEHIGH VALLEY,ALLENTOWN,PA,USA
ABI,ABILENE MNPL,ABILINE,TX,USA
ABQ,ALBUQUERQUE INTL,ALBUQUERQUE,NM,USA
ABR,ABERDEEN MNPL,ABERDEEN,SD,USA
ABX,ALBURY,ALBURY,,AUS
ABY,DOUGHERTY COUNTY,ALBANY,GA,USA
ABZ,DYCE,ABERDEEN,,GBR
ACA,ALVAREZ INTL,ACAPULCO,,MEX
ACE,LANZAROTE,LANZAROTE,,ESP
ACK,NANTUCKET MEM.,NANTUCKET,MA,USA
ACT,WACO MUNICIPAL,WACO,TX,USA
ACV,EUREKA,ARCATA,CA,USA
ACY,ATLANTIC CITY,ATLANTIC CITY,NJ,USA
ADB,ADNAN MENDERES,IZMIR,,TUR
ADD,BOLE,ADDIS ABABA,,EGY
ADL,ADELAIDE INTL,ADELAIDE,,AUS
ADQ,KODIAK,KODIAK,AK,USA
ADZ,SAN ANDRES ISLND,SAN ANDRES,,COL
AEP,JORGE NEWBERY,BUENOS AIRES,,ARG
AES,VIGRA,ALESUND,,NOR
AEX,ALEXANDRIA INTL,ALEXANDRIA,LA,USA
AEY,AKUREYRI,AKUREYRI,,ISL
AGA,AL MASSIRA,AGADIR,,MAR
AGB,AUGSBURG MUEHLHA,MUNICH,,DEU
AGH,ANGELHOLM,HELSINGBORG,,SWE
AGP,PABLO R PICASSO,MALAGA,,ESP
AGS,BUSH FIELD,AUGUSTA,GA,USA
AGU,LIC. JESUS TERAN,AGUASCALIENTES,,MEX
AHN,ATHENS,ATHENS,GA,USA
AHO,FERTILIA,ALGHERO,,ITA
AJA,CAMPO DELL ORO,AJACCIO,,FRA
AJU,SANTA MARIA,ARACAJU,,BRA
AKL,AUCKLAND INTL,AUCKLAND,,NZL
AKN,KING SALMON,KING SALMON,AK,USA
ALB,ALBANY INTL,ALBANY,NY,USA
ALC,ALICANTE EL ALTE,ALICANTE,,ESP
ALF,ALTA,ALTA,,NOR
ALH,ALBANY,ALBANY,,AUS
ALO,WATERLOO,WATERLOO,IA,USA
ALW,WALLA WALLA RGNL,WALLA WALLA,WA,USA
ALY,EL NOHZA,ALEXANDRIA,,EGY
AMA,AMARILLO,AMARILLO,TX,USA
AMM,QUEEN ALIA INTL,AMMAN,,JOR
AMS,AMSTERDAM,AMSTERDAM,,NLD
ANC,ANCHORAGE INTL,ANCHORAGE,AK,USA
AND,ANDERSON,ANDERSON,SC,USA
ANR,ANTWERP,ANTWERP BELGIUM,,BEL
ANU,V.C BIRD INTL,ANTIGUA,,ATG
AOI,FALCONARA,ANCONA,,ITA
AOJ,AOMORI,AOMORI,,JPN
AOO,ALTOONA/BLAIR CN,ALTOONA,PA,USA
APF,NAPLES,NAPLES,FL,USA
APW,FALEOLO,APIA,,ASM
AQJ,KING HUSSEIN INT,AQABA,,JOR
ARI,CHACALLUTA,ARICA,,CHL
ARM,ARMIDALE,ARMIDALE,,AUS
ARN,ARLANDA,STOCKHOLM,,SWE
ART,WATERTOWN,WATERTOWN,NY,USA
ASD,ANDROS TOWN,ANDROS TOWN,,BHS
ASE,ASPEN,ASPEN,CO,USA
ASP,ALICE SPRINGS,ALICE SPRINGS,,AUS
ASU,SILVIO PETTIROSI,ASUNCION,,PRY
ATH,HELLINIKON INTL,ATHENS,,GRC
ATL,HARTSFIELD INTL,ATLANTA,GA,USA
ATW,OUTAGAMIE COUNTY,APPLETON,WI,USA
ATY,WATERTOWN,WATERTOWN,SD,USA
AUA,REINA BEATRIX,ARUBA,,ABW
AUH,ABU DHABI INTL,ABU DHABI UAEM,,ARE
AUS,BERGSTROM INTL,AUSTIN,TX,USA
AVL,ASHEVILLE REGNL,ASHEVILLE,NC,USA
AVP,WILKES-BARRE,WILKES BARRE SCR,PA,USA
AVV,VICTORIA,MELBOURNE,,AUS
AVX,AVALON BAY,CATALINA ISLAND,CA,USA
AXA,WALLBLAKE,ANGUILA,,AND
AYQ,CONNELLAN,AYERS ROCK,,AUS
AYT,ANTALYA,ANTALYA,,TUR
AZG,PABLO L SIDAR,APATZINGAN,,MEX
AZO,BATTLE CREEK,KALAMAZOO,MI,USA
BAH,BAHRAIN INTL,BAHRAIN,,BHR
BAQ,E CORTISSOZ,BARRANQUILLA,,COL
BAZ,BARBELOS,BARBELOS,,BRA
BCN,BARCELONA INTL,BARCELONA,,ESP
BDA,BERMUDA INTL,BERMUDA,,BMU
BDL,BRADLEY INTL,HARTFORD,CT,USA
BDS,PAPOLA CASALE,BRINDISI,,ITA
BDU,BARDUFOSS,BARDUFOSS,,NOR
BEB,BENBECULA,BENBECULA,,GBR
BEG,A BEOGRAD,BELGRADE,,SRB
BEL,VAL DE CANS,BELEM,,BRA
BER,BRANDENBURG,BERLIN,,DEU
BES,BRETAGNE,BREST,,FRA
BEY,BEIRUT INTL,BEIRUT,,LBN
BFD,BRADFORD,BRADFORD,PA,USA
BFF,SCOTTS BLUFF,SCOTTSBLUFF,NE,USA
BFL,MEADOWS FIELD,BAKERSFIELD,CA,USA
BFS,BELFAST INTL,BELFAST N IRL,,IRL
BGA,PALO NEGRO,BUCARAMANGA,,COL
BGI,GRANTLEY ADAMS,"BRIDGETOWN,BARBA",,BRB
BGM,BINGHAMTON,BINGHAMTON,NY,USA
BGO,FLESLAND,BERGEN,,NOR
BGR,BANGOR INTL,BANGOR,ME,USA
BGY,ORIO AL SERIO,ORIO AL SERIO,,ITA
BHB,BAR HARBOR,BAR HARBOR,ME,USA
BHD,BELFAST HARBOR,BELFAST,,GBR
BHE,WOODBOURNE,BLENHEIM,,NZL
BHM,BIRMINGHAM,BIRMINGHAM,AL,USA
BHX,BIRMINGHAM INTL,BIRMINGHAM,,GBR
BIL,BILLINGS,BILLINGS,MT,USA
BIO,BILBAO,BILBAO,,ESP
BIQ,BAYONNE-ANGLET,BIARRITZ,,FRA
BIS,BISMARCK,BISMARCK,ND,USA
BJI,BEMIDJI,BEMIDJI,MN,USA
BJS,METROPOLITAN ARE,BEJING,,CHN
BJX,GUANAJUATO INTL,LEON,,MEX
BJZ,TALAVERA LA REAL,BADAJOZ,,ESP
BKG,BRANSON,BRANSON,MO,USA
BKK,SUVARNABHUMI,BANGKOK,,THA
BKW,BECKLEY,BECKLEY,WV,USA
BKX,BROOKINGS,BROOKINGS,SD,USA
BLA,JA ANZOATEGUI,BARCELONA,,VEN
BLF,MERCER COUNTY,BLUEFIELD,WV,USA
BLI,BELLINGHAM,BELLINGHAM,WA,USA
BLL,BILLUND,BILLUND,,DNK
BLQ,GUGLIELMO MARCON,BOLOGNA,,ITA
BME,BROOME,BROOME,,AUS
BMI,BLOOMINGTON,BLOOMINGTON,IL,USA
BNA,NASHVILLE INTL,NASHVILLE,TN,USA
BNE,BRISBANE INTL,BRISBANE,,AUS
BNK,BALLINA AIPORT,BALLINA,,AUS
BOB,BORA BORA,BORA BORA,,PYF
BOC,BOCAS DEL TORO,BOCAS DEL ISLA,,PAN
BOD,MERIGNAC,BORDEAUX,,FRA
BOG,BOGOTA ELDORADO,BOGOTA,,COL
BOH,BOURNEMOUTH INTL,BOURNEMOUTH,,GBR
BOI,BOISE MUNICIPAL,BOISE,ID,USA
BOJ,BOURGAS,BOURGAS,,BGR
BOM,BOMBAY,MUMBAI (BOMBAY),,IND
BON,FLAMINGO INTL,BONAIRE,,BON
BOO,BODO,BODO,,NOR
BOS,LOGAN INTL,BOSTON,MA,USA
BPN,SEPINGAN,BALIKPAPAN,,IDN
BPS,PORTO SEGURO,PORTO SEGURO,,BRA
BPT,BEAUMONT MNCPL,BEAUMONT,TX,USA
BPU,BEPPU AIRPORT,BEPPU,,JPN
BQK,GLYNCO JETPORT,BRUNSWICK,GA,USA
BQN,BORINQUEN,AGUADILLA,PR,USA
BRD,CROW WING CNTY,BRAINERD,MN,USA
BRE,BREMEN,BREMEN,,DEU
BRI,PALESE,BARI,,ITA
BRN,BELP,BERN,,CHS
BRO,S.PADRE ISL INTL,BROWNSVILLE,TX,USA
BRS,BRISTOL,BRISTOL,,GBR
BRU,BRUSSEL NATIONAL,BRUSSEL,,BEL
BRV,BREMERHAVEN,BREMERHAVEN,FL,USA
BRW,W.ROGERS MEMR,BARROW,AK,USA
BSB,BRASILIA INTL,"BRASILIA, BRAZIL",,BRA
BSL,BASEL EUROAIRPRT,BASEL MULHOUSE,,CHS
BTM,BUTTE,BUTTE,MT,USA
BTR,METROPOLITAN,BATON ROUGE,LA,USA
BTV,BURLINGTON INTL,BURLINGTON,VT,USA
BUD,FERIHEGY,BUDAPEST,,HUN
BUF,BUFFALO INTL,BUFFALO,NY,USA
BUR,BURBANK/BOB HOPE,BURBANK,CA,USA
BUY,BUNBURY,BUNBURY,,AUS
BVA,BEAUVAIS-TILLE,PARIS,,FRA
BWI,BALTIMORE INTL,BALTIMORE WASHIN,MD,USA
BWN,BEGWAN INTL,BANDAR SERI BEGW,,BRN
BWT,WYNYARD,BURNIE TASMANIA,,AUS
BYU,BINDLACHER BERG,BAYREUTH,,DEU
BZC,BUZIOS ARPT,BUZIOS,,BRA
BZD,BALRANALD,BALRANALD,,AUS
BZE,GOLDSON INTL,BELIZE CITY,,BLZ
BZN,GALLATIN FIELD,BOZEMAN,MT,USA
BZO,DOLOMITI,BOLZANO/BOZEN,,ITA
C/O,CRUISE ONLY,CRUISE ONLY,FL,USA
C/U,CITIES UNKNOWN,UNKNOWN,FL,USA
CAE,COLUMBIA METRO,COLUMBIA,SC,USA
CAG,ELMAS,"CAGLIARI,SARDINA",,ITA
CAI,CAIRO INTL,CAIRO,,EGY
CAK,AKRON RGNL,CANTON AKRON,OH,USA
CAN,BAIYUN INTL,GUANGZHOU,,CHN
CAP,CAP HAITIEN,CAP HAITIEN,,HTI
CAY,ROCHAMBEAU,CAYENE,,GUF
CBE,GRTR CUMBERLAND,CUMBERLAND,MD,USA
CBR,CANBERRA,CANBERRA,,AUS
CCS,SIMON BOLIVAR,CARACAS,,VEN
CDB,CHARLES DE GAULL,PARIS,,FRA
CDC,CEDAR CITY MUNI,CEDAR CITY,UT,USA
CDG,CHARLESDEGAULLE,PARIS,,FRA
CDV,MILE 13 FIELD,CORDOVA,AK,USA
CEA,CRUISING INLAND,SEA,,JPN
CEC,MCNAMARA FIELD,CRESENT CITY,CA,USA
CEQ,MANDELIEU,CANNES,,FRA
CER,MAUPERTUS,CHERBOURG,,FRA
CFB,CABO FRIO,CABO FRIO,,BRA
CFE,CLERMONT FERRAND,CLERMONT FERRAND,,FRA
CFS,COFFS HARBOUR,COFFS HARBOUR,,AUS
CFU,KERKYRA,"CORFU,GREECE",,GRC
CGB,MARECHAL RONDON,CUIABA,,BRA
CGH,CONGONHAS,SAO PAOLO,,BRA
CGK,SOEKARNO-HATTA,JAKARTA,,IDN
CGN,KOLN ADENAUER,KOLN,,DEU
CGR,CAMPO GRANDE,CAMPO GRANDE,,BRA
CHA,LOVELL FIELD,CHATTANOOGA,TN,USA
CHC,CHRISTCHURCH INT,CHRISTCHURCH,,NZL
CHJ,CHILLEAN,CHILLEAN FJORDS,,CHL
CHO,CHARLOTTESVILLE,CHARLOTTESVILLE,VA,USA
CHQ,CHANIA(SOUDA)APT,CHANIA,,GRC
CHS,CHARLESTON INTL,CHARLESTON,SC,USA
CIA,CIAMPINO,ROME,,ITA
CIC,CHICO MUNICIPAL,CHICO,CA,USA
CID,CEDAR RAPIDS,CEDAR RAPIDS,IA,USA
CIU,CHIPPEWA,SAULT STE MARIE,MI,USA
CJU,JEJU INTL ARPT,JEJU,,KOR
CKB,BENEDUM,CLARKSBURG,WV,USA
CKG,JIANGBEI INTL,CHONGQING,,CHN
CLD,MCCLELLAN PALOMA,CARLSBAD,CA,USA
CLE,HOPKINS INTL,CLEVELAND,OH,USA
CLL,EASTERWOOD FLD,COLLEGE STATION,TX,USA
CLM,FAIRCHILD INTL,PORT ANGELES,WA,USA
CLO,CALI,COLOMBIA,,COL
CLT,DOUGLAS,CHARLOTTE,NC,USA
CLY,STE CATHERINE,CALVI,,FRA
CMB,KATUNAYAKE,COLOMBO,,LKA
CMH,PORT COLUMBUS,COLUMBUS,OH,USA
CMI,U OF I WILLARD,CHAMPAIGN URBANA,IL,USA
CMN,MOHAMED V,CASABLNCA,,MAR
CMX,HOUGHTON CTY MEM,HOUGHTON,MI,USA
CNF,TANCREDO NEVES,BELO HORIZONTE,,BRA
CNS,QUEENSLAND INTL,CAIRNS,,AUS
CNX,CHIANG MAI INTL,CHAING MAI,,THA
COD,YELLOWSTONE RNGL,CODY,WY,USA
COK,COCHIN APRT,COCHIN,,IND
COM,BA,COLEMAN,TX,USA
COR,PAJAS BLANCAS,CORDOBA,,ARG
COS,COLORADO SRRINGS,COLORADO SPRINGS,CO,USA
COU,REGIONAL,COLUMBIA,MO,USA
COW,COQUIMBO,COQUIMBO,,CHL
CPE,ING. ALBERTO ACU,CAMPECHE,,MEX
CPH,COPENHAGEN,COPENHAGEN,,DNK
CPI,UKNOWN,UNKOWN,FL,USA
CPR,NATRONA COUNTY,CASPER,WY,USA
CPT,D.F. MALAN,CAPE TOWN,,ZAF
CQM,CENTRAL,CIUDAD REAL,,ESP
CRD,COMODORO RIVADAV,COMODORO RIVADAV,,ARG
CRK,LUZON,LUZON,,PHL
CRL,CHARLEROI,BRUSSELS,,BEL
CRP,CORPUS CHRISTI,CORPUS CHRISTI,TX,USA
CRV,CROTONE,CROTONE,,ITA
CRW,YEAGER,CHARLESTON,WV,USA
CSG,COLUMBUS METRO,COLUMBUS,GA,USA
CSL,CABO SAN LUCAS,CABO SAN LUCAS,,MEX
CSX,HUANGHUA INTL,CHANGSHA,,CHN
CTA,FONTANAROSSA,CATANIA,,ITA
CTG,RAFEAL NUNEZ,CARTAGENA,,COL
CTN,COOKTOWN,COOKTOWN,,AUS
CTS,NEW CHITOSE ARPT,SAPPORO,,JPN
CTU,SHUANGLIU INTL,CHENGDU,,CHN
CUF,LEVALDIGI,CUNEO,,ITA
CUN,CANCUN INTL,CANCUN,,MEX
CUR,AREOPUERTO HATO,WILLEMSTAD,,CUR
CUU,GEN FIERRO VILLA,CHIHUAHUA,,MEX
CUZ,VELAZCO ASPETE,CUZCO,,PER
CVG,NTH KENTUCKY INT,CINCINNATI,OH,USA
CVT,COVENTRY,COVENTRY,,GBR
CWA,CENTRAL WI,WAUSAU MOSINEE,WI,USA
CWB,AFONSO PENA,CURITIBA,,BRA
CWL,CARDIFF RHOOSE,CARDIFF,,GBR
CXI,CHRISTMAS ISLAND,CHRISTMAS ISLAND,,KIR
CYS,CHEYENNE APRT,CHEYENNE,WY,USA
CZL,MOHAMED BOUDIAF,CONSTANTINE,,DZA
CZM,COZUMEL INTL,COZUMEL,,MEX
DAB,DAYTONA BEACH,DAYTONA BEACH,FL,USA
DAD,DA NANG APRT,DA NANG,,NAM
DAL,DALLAS LOVE FLD,DALLAS,TX,USA
DAM,DAMASCUS INTL,DAMASCUS,,SYR
DAN,DANVILLE RGNL,DANVILLE,VA,USA
DAY,JAMES COX DAYTON,DAYTON,OH,USA
DBO,DUBBO,DUBBO,,AUS
DBQ,DUBUQUE RGNL,DUBUQUE,IA,USA
DBV,DUBROVNIK,DUBROVNK,,HRV
DCA,R REAGAN NATL,WASHINGTON,DC,USA
DDC,DODGE CITY RGNL,DODGE CITY,KS,USA
DEC,DECATUR,DECATUR,IL,USA
DEL,INDIRA GANDHI,NEW DELHI,,IND
DEN,DENVER INTL,DENVER,CO,USA
DFW,DALLAS FT WORTH,DALLAS FT. WORTH,TX,USA
DHN,DOTHAN REGIONAL,DOTHAN,AL,USA
DLC,ZHOUSHUIZI INTL,DALIAN,,CHN
DLH,DULUTH INTL,DULUTH,MN,USA
DLM,DALAMAN,DALAMAN,,TUR
DME,DOMODEDOVO,MOSCOW,,RUE
DMK,DON MUEANG INT'L,BANGKOK,,THA
DMY,DUMMY GATEWAY,AAADON,,GBR
DNR,PLIEURTUIT,DINARD/ST-MALO,,FRA
DOH,DOHA INTL,DOHA,,QAT
DOM,ROSEAU,MELVILLE HALL,,DMA
DPS,DENPASAR BALI,DENPASAR BALI,,IND
DRO,DURANGO/LA PLATA,DURANGO,CO,USA
DRS,DRESDEN,DRESDEN,,DEU
DRW,DARWIN,DARWIN,,AUS
DSA,DONCASTER,DONCASTER,,GBR
DSM,DES MOINES,DES MOINES,IA,USA
DTM,DORTMUND WICKEDE,DORTMUND,,DEU
DTW,DETROIT METRO,DETROIT,MI,USA
DUB,DUBLIN,DUBLIN,,IRL
DUD,DUNEDIN INT'L,DUNEDIN,,NZL
DUJ,DUBOIS/JEFFERSON,DU BOIS,PA,USA
DUR,LOUIS BOTHA,DURBAN,,ZAF
DUS,DUSSELDORF INTL,DUSSELDORF,,DEU
DUT,UNALASKA AIRPORT,DUTCH HARBOR,AK,USA
DVL,DEVILS LAKE,DEVILS LAKE,ND,USA
DXB,DUBAI INTL,DUBAI,,ARE
EAS,SAN SEBASTIAN,SAN SEBASTIAN,,ESP
EAT,PANGBORN MEM,WENATCHEE,WA,USA
EAU,CHIPPEWA VL RGNL,EAU CLAIRE,WI,USA
EBA,MARINA DI CAMPO,ELBA ISLAND,,ITA
ECP,FLORIDA BEACHES,PANAMA CITY,FL,USA
EDI,TURNHOUSE ARPT,EDINBURGH,,GBR
EFD,ELLINGTON FIELD,ELLINGTON,TX,USA
EFL,KEFALLINA AIRPT,ARGOSTOLI,,GRC
EGE,EAGLE COUNTY RGL,VAIL EAGLE,CO,USA
EIN,EINDHOVEN,EINDHOVEN,,NLD
EIS,BEEF ISLAND,TORTOLA B.V.I,,ANT
EKA,MURRAY FIELD,EUREKA,CA,USA
EKO,J.C. HARRIS FLD,ELKO,NV,USA
ELM,ELMIRA/CORN RGNL,ELMIRA,NY,USA
ELP,EL PASO INTL,EL PASO,TX,USA
EMA,EAST MIDLANDS,EAST MIDLANDS,,GBR
ENA,KENAI MUNICIPAL,KENAI,AK,USA
EPR,ESPERANCE,ESPERANCE,,AUS
ERF,ERFURT-WEIMAR,ERFURT,,DEU
ERI,ERIE INTL,ERIE,PA,USA
ESB,ESENBOGA,ANKARA,,TUR
ESC,DELTA COUNTY,ESCANABA,MI,USA
ESE,EL CIPRES,ENSENADA,,MEX
ETH,EILAT,EILAT,,ISR
EUG,MAHLON SWEET FLD,EUGENE,OR,USA
EVE,HARSTAD/NAVIK EV,EVENES,,NOR
EVV,EVANSVILLE RGNL,EVANSVILLE,IN,USA
EWN,CRAVEN CNTY RGNL,NEW BERN,NC,USA
EWR,NEWARK INTL,NEWARK,NJ,USA
EXM,EXMOUTH GULF,EXMOUTH,,AUS
EXT,EXETER,EXETER,,GBR
EYW,KEY WEST INTL,KEY WEST,FL,USA
EZE,PISTARINI,BUENOS AIRES,,ARG
FAE,VAGAR,FAROE ISLAND,,DNK
FAI,FAIRBANKS INTL,FAIRBANKS,AK,USA
FAO,FARO,FARO,,PRT
FAR,HECTOR FIELD,FARGO,ND,USA
FAT,FRESNO AIR TRML,FRESNO,CA,USA
FAY,FAYETTEVILLE,FAYETTEVILLE,NC,USA
FCA,GLACIER PARK,KALISPELL,MT,USA
FCO,FIUMICINO,ROME,,ITA
FDF,LAMETIN,FORT DE FRANCE,,MTO
FDH,FRIEDRICHSHAFEN,FRIEDRICHSHAFEN,,DEU
FEN,FERNANDO NORONHA,FERNANDO NORONHA,,BRA
FHU,SIERRA VISTA MUN,SIERRA VISTA,AZ,USA
FJR,FUJAIRAH INTL,AL-FUJAIRAH,,ARE
FKL,VENAGO RGNL,FRANKLIN,PA,USA
FLG,PULLIAM FIELD,FLAGSTAFF,AZ,USA
FLL,FLL INTERNATIONA,FT LAUDERDALE,FL,USA
FLN,FLORIANOPOLIS,FLORIANOPOLIS,,BRA
FLO,FLORENCE RGNL,FLORENCE,SC,USA
FLR,FIRENZE-PERETOLA,FLORENCE,,ITA
FMO,MUENSTER,MUENSTER,,DEU
FMY,PAGE FIELD,FT MYERS,FL,USA
FNC,FUNCHAL,"FUNCHAL, MADEIRA",,PRT
FNL,FT COLLINS MUNI,FORT COLLINS,CO,USA
FNT,BISHOP,FLINT,MI,USA
FOD,FT. DODGE REGNL,FORT DODGE,IA,USA
FOR,FORTALEZA ARPT,FORTALEZA,,BRA
FPO,FREEPORT INTL,FREEPORT,,BHS
FRA,FRANKFURT INTL,FRANKFURT,,DEU
FRL,LUIGI RIDOLFI,FORLI,,ITA
FSC,SUD-CORSE,FIGARI,,FRA
FSD,JOE FOSS FIELD,SIOUX FALLS,SD,USA
FSM,FT. SMITH MUNI,FORT SMITH,AR,USA
FSP,ST PIERRE,ST PIERRE,,FRA
FUE,FUERTEVENTURA,FUERTEVENTURA,,ESP
FUK,FUKUOKA AIRPORT,FUKUOKA,,JPN
FWA,FT WAYNE MUNI,FT WAYNE,IN,USA
FYV,DRAKE FIELD,FAYETTEVILLE,AR,USA
GBD,GREAT BEND MUNI,GREAT BEND,KS,USA
GCC,GILETTE/CAMPBELL,GILETTE,WY,USA
GCI,GUERNSEY,GUERNSEY  CI,,GBR
GCK,GARDEN CITY RGNL,GARDEN CITY,KS,USA
GCM,OWEN ROBERTS,GEORGETOWN,,CYM
GDL,MIGEUL HIDALGO,GUADALAJARA,,MEX
GDN,REBIECHOWO,GDANSK,,POL
GDT,GRAND TURK IS,GRAND TURK IS,,TCA
GEG,SPOKANE INTL,SPOKANE,WA,USA
GEN,PUENTE GENIL,PUENTE GENIL,,ESP
GEO,CHEDDIJAGAN INTL,GEORGETOWN,,GUY
GET,GERALDTON,GERALDTON,,AUS
GFK,GRAND FORKS,GRAND FORKS,ND,USA
GGG,GREGG COUNTY,LONGVIEW,TX,USA
GIB,GIBRALTAR ARPT,GIBRALTAR,,GBR
GIG,GALEAO INTL,RIO DE JANEIRO,,BRA
GJT,WALKER FIELD,GRAND JUNCTION,CO,USA
GLA,GLASGOW INTL,GLASGOW,,GBR
GLH,GREENVILLE MUNI,GREENVILLE,MS,USA
GLT,GLADSTONE,GLADSTONE,,AUS
GMZ,LA GOMERA,SAN SEBASTIAN,,ESP
GND,PT SALINE INTL,GRENADA,,GRD
GNP,GLACIER BAY,NATIONAL PARK,AK,USA
GNV,GAINESVILLE RGNL,GAINESVILLE,FL,USA
GOA,COLOMBO CRISTOFO,GENOA,,ITA
GOI,DABOLIM,GOA,,IND
GOT,LANDVETTER,GOTHENBURG,,SWE
GOW,GARROW LAKE ARPT,GARROW LAKE,,CAN
GPS,BALTRA,GALAPAGOS,,ECU
GPT,GULFPORT RGNL,GULFPORT,MS,USA
GPZ,ITASCA CNTY,GRAND RAPIDS,MN,USA
GRB,AUSTIN FIELD,GREEN BAY,WI,USA
GRI,GRAND ISLAND,GRAND ISLAND,NE,USA
GRK,GRAY AAF,KILLEEN,TX,USA
GRO,COSTA BRAVA INTL,COSTA BRAVA,,ESP
GRR,KENT COUNTY INTL,GRAND RAPIDS,MI,USA
GRU,GUARULHOS INTL,SAO PAULO,,BRA
GRX,GRANADA,GRANADA,,ESP
GRZ,THALERHOF,GRAZ,,AUT
GSO,PIEDMONT TRIAD,GREENSBORO,NC,USA
GSP,SPARTANBURG,GREENVILLE,SC,USA
GTF,GREAT FALLS INTL,GREAT FALLS,MT,USA
GTR,GOLDEN TRIANGLE,COLUMBUS,MS,USA
GUA,LA AURORA,GUATEMALA CITY,,GTM
GUC,GUNNISON COUNTY,GUNNISON,CO,USA
GUM,A.B. WON PAT INT,GUAM,,GUM
GVA,GENEVA COINTRIN,GENEVA,,CHS
GYE,GUAYAQUIL INT'L,GUAYAQUIL,,ECU
GYM,JOSE M YANEZ,GUAYMAS,,MEX
GYN,SANTA GENOVEVA,GOIANIA,,BRA
HAJ,LANGENHAGEN,HANNOVER,,DEU
HAK,MEILAN INT'L,HAIKOU,,CHN
HAM,FUHLSBUETTEL,HAMBURG,,DEU
HAN,NOIBAI INTERNATI,HANOI,,VNM
HAR,CAPITAL CITY,HARRISBURG,PA,USA
HAU,HAUGESUND KARMOY,HAUGESUND,,NOR
HAV,JOSE MARTI INTL,HAVANA,,CUB
HBA,HOBART ARPT,HOBART,,AUS
HDN,YAMPA VALLEY RGN,HAYDEN,CO,USA
HDY,HARDY REEF,GREAT BARRIER,,AUS
HEL,VANTAA,HELSINKI,,FIN
HEM,TEST COTERMINAL,HELSINKI,,FIN
HER,N. KAZANTZAKIS,HERAKLION,,GRC
HFA,HAIFA APRT,HAIFA,,ISR
HFT,HAMMERFEST,HAMMERFEST,,NOR
HGH,HANGZHOU,SHANGHAI,,CHN
HGR,WASH. CNTY RGNL,HAGERSTOWN,MD,USA
HHH,HILTON HEAD ARPT,HILTON HEAD,SC,USA
HHN,HAHN AIRPORT,FRANKFURT,,DEU
HIB,CHISHOLM-HIBBING,HIBBING,MN,USA
HII,MUNICIPAL,LAKE HAVASU CITY,AZ,USA
HIJ,HIROSHIMA,HIROSHIMA,,JPN
HKD,HAKODOTE,HAKODATE,,JPN
HKG,HONG KONG INTL,HONG KONG,,HKG
HKP,KAANAPALI ARPT,LAHAINA MAUI,HI,USA
HKT,PHUKET INTL,PHUKET,,THA
HKY,HICKORY ARPT,HICKORY,NC,USA
HLN,HELENA,HELENA,MT,USA
HMA,KHANTY-MANSIYSK,"KHANTY-M,ANSIYSK",,RUE
HND,HANEDA,TOKYO,,JPN
HNE,CAPE HORN,CAPE HORN,,CHL
HNH,HOONAH MUNICIPAL,HOONAH,AK,USA
HNL,HONOLULU INTL,HONOLULU,HI,USA
HNS,HAINES MUNICIPAL,HAINES,AK,USA
HOB,LEA COUNTY,HOBBS,NM,USA
HOM,HOWER AIRPORT,HOMER,AK,USA
HOQ,PLAUEN,HOF,,DEU
HOU,HOBBY,HOUSTON,TX,USA
HPN,WESTCHESTER CNTY,WHITE PLAINS,NY,USA
HRG,HURGHADA ARPT,HURGHADA,,EGY
HRL,VALLEY INTL,HARLINGEN,TX,USA
HSV,HUNTSVILLE INTL,HUNTSVILLE,AL,USA
HTI,GREAT BARRIER RF,HAMILTON ISLAND,,AUS
HTS,TRI-STATE FER.FL,HUNTINGTON,WV,USA
HUN,HUALIEN,TAIWAN,,TWN
HUX,HUATULCO ARPT,HUATULCO,,MEX
HUY,HUMBERSIDE ARPT,HUMBERSIDE,,GBR
HVG,VALAN,HONNINGSVAG,,NOR
HVN,TWEED-NEW HAVEN,NEW HAVEN,CT,USA
HYA,BARNSTABLE MUNI,HYANNIS,MA,USA
IAD,DULLES INTL,WASHINGTON,DC,USA
IAG,NIAGARA FALLS,NIAGARA FALLS,NY,USA
IAH,G BUSH INTERCONT,HOUSTON,TX,USA
IBI,IBOKI,IBOKI,,PNG
IBZ,IBIZA,IBIZA,,ESP
ICN,INCHEON INTNTL,SEOUL,,KOR
ICT,MID CONTINENT,WICHITA,KS,USA
IDA,FANNING FIELD,IDAHO FALLS,ID,USA
IEV,ZHULHANY,KIEV,,UKR
IFJ,ISAFJORDUR,ISAFJORDUR,,ISL
IFP,LAUGHLIN,BULLHEAD CITY,AZ,USA
IGR,CATARATAS,IGUAZU,,ARG
IGU,CATARATAS,IGUASSU FALLS,,BRA
IKA,IMAM KHOMEINI,TEHRAN,,IRN
ILE,KILLEEN MUNI,KILLEEN,TX,USA
ILH,ILHABELA ARPT,ILHABELA,,BRA
ILM,NEW HANOVER,WILMINGTON,NC,USA
ILP,ILE DES PINS,ILE DES PINS,,NCL
IMT,FORD,IRON MOUNTAIN,MI,USA
IND,INDIANAPOLIS,INDIANAPOLIS,IN,USA
INL,FALLS INTL.,INTL. FALLS,MN,USA
INN,INNSBRUCK,INNSBRUCK,,AUT
INT,SMITH REYNOLDS,WINSTON SALEM,NC,USA
INV,INVERNESS ARPT,INVERNESS,,GBR
IOM,RONALDSWAY,ISLE OF MAN,,GBR
IOS,ILHEUS,ILHEUS,,BRA
IPC,MATAVERI INT'L,EASTER ISLAND,,CHL
IPL,EL CENTRO,IMPERIAL,CA,USA
IPT,LYCOMING CNTY,WILLIAMSPORT,PA,USA
ISC,SAINT MARY'S,ISLES OF SCILLY,,GBR
ISG,ISHIGAKI AIRPORT,ISHIGAKI,,JPN
ISL,KEFLAVIK INTL,"REYKJAVIK,ICELAN",,ISL
ISO,STALLINGS FIELD,KINSTON,NC,USA
ISP,LONG ISLAND MACR,ISLIP,NY,USA
IST,ATATURK,ISTANBUL,,TUR
ITH,TOMPKINS CNTY,ITHACA,NY,USA
ITO,HILO INTL,HILO,HI,USA
IWD,GOGEBIC COUNTY,IRONWOOD,MI,USA
IXE,BAJPE,MANGALORE,,IDN
IXZ,PT BLAIR,ANDAMAN ISLANDS,,IND
IYK,KERN COUNTY,INYOKERN,CA,USA
IZM,ADNAN MENDERES,IZMIR,,TUR
JAC,JACKSON HOLE,JACKSON,WY,USA
JAN,JACKSON INTL,JACKSON,MS,USA
JAX,JACKSONVILLE,JACKSONVILLE,FL,USA
JCA,CROISETTE HELIPT,CANNES,,FRA
JCU,CEUTA HELIPORT,CEUTA,,ESP
JED,KING ABDULAZIZ,JEDDAH,,SAU
JER,STATES,JERSEY  CI,,GBR
JFK,JOHN F. KENNEDY,NEW YORK CITY,NY,USA
JHW,CHAUTAUQUA CNTY,JAMESTOWN,NY,USA
JIB,DJIBOUTI ARPT,DJIBOUTI,,DJI
JKG,JONKOPING,JONKOPING,,SWE
JLN,JOPLIN REGIONAL,JOPLIN,MO,USA
JMK,MIKONOS ARPT,MIKONOS,,GRC
JMS,JAMESTOWN,JAMESTOWN,ND,USA
JNB,JAN SMUTS,JOHANNESBURG,,ZAR
JNU,JUNEAU INTL,JUNEAU,AK,USA
JOE,JOENSUU,JOENSUU AIRPORT,,FIN
JOI,LAURO CARNEIRO,JOINVILLE,,BRA
JPA,CASTRO PINTO,JOAO PESSOA,,BRA
JRO,KILIMANJARO,TANZANIA,,TZA
JSI,SKIATHOS,SKIATHOS,,GRC
JST,CAMBRIA COUNTY,JOHNSTOWN,PA,USA
JTR,SANTORINI ARPT,SANTORINI,,GRC
JYV,JYVASKYLA,JYVASKYLA,,FIN
KBL,KABUL,KABUL,,AFG
KBP,BORYSPIL INTL,KIEV,,UKR
KCH,KUCHING,KUCHING,,MYS
KEF,KEFLAVIK INTL,REYKJAVIK,,ISL
KEL,HOLTENAU,KIEL,,DEU
KGS,KOS ISLAND INTL,KOS,,GRC
KHH,KAOHSIUNG INTL,KAOHSIUNG,,TWN
KIN,NORMAN MANLEY,KINSTON,,JAM
KIX,KANSAI INTL,OSAKA,,JPN
KKE,BAY OF ISLANDS,KERIKERI,,NZL
KKN,HOYBUKTMOEN,KIRKENES,,NOR
KKS,KO SAMUI ARPT,KO SAMUI,,THA
KLR,KALMAR,KALMAR,,SWE
KLU,QLAGENFURT,KLAGENFURT,,AUT
KLX,KALAMATA ARPT,KALAMATA,,GRC
KMG,CHANGSHUI INTL,KUNMING,,CHN
KMI,MIYAZAKI,MIYAZAKI,,JPN
KMQ,KOMATSU,KOMATSU,,JPN
KNA,VINA DEL MAR,VINA DEL MAR,,CHL
KNG,KAIMANA ARPT,KAIMANA,,IDN
KOA,KAILUA KONA INTL,KAILUA KONA,HI,USA
KOJ,KAGOSHIMA,KAGOSHIMA,,JPN
KOS,SIHANOUKVILLE,SIHANOUKVILLE,,KHM
KRK,BALICE,KRAKOW POLAND,,POL
KRN,KRUNA,KRUNA,,SWE
KRP,KARUP ARPT,KARUP,,DNK
KRS,KJEVIK,KRISTIANSAND,,NOR
KSC,BARCA,KOSICE,,SVK
KSD,KARLSTAD,KARLSTAD,,SWE
KSU,KVERNBERGET,KRISTIANSUND,,NOR
KTA,KARRATHA,KARRATHA,,AUS
KTM,TRIBHUVAN,KATHMANDU,,NPL
KTN,KETCHIKAN INTL,KETCHIKAN,AK,USA
KUA,KUANTAN AIRPORT,KUANTAN,,MYS
KUH,KUSHIRO AIRPORT,KUSHIRO,,JPN
KUL,KUALA LUMPUR INT,KUALA LUMPUR,,MYS
KUO,KUOPIO,KUPIO AIRPORT,,FIN
KWI,KUWAIT,KUWAIT,,KWT
KWL,GUILIN,GUILIN,,CHN
LAF,PURDUE U.,LAFAYETTE,IN,USA
LAG,LA GUARDIA,LA GUARDIA,,VEN
LAI,LANNION,SERVEL,,FRA
LAN,CAPITAL CITY,LANSING,MI,USA
LAP,MANUEL MARQUEZ,LA PAZ,,MEX
LAS,MCCARRAN INTL,LAS VEGAS,NV,USA
LAW,LAWTON MUNI,LAWTON,OK,USA
LAX,LOS ANGELES INTL,LOS ANGELES,CA,USA
LBA,LEEDS/BRADFORD,LEEDS/BRADFORD,,GBR
LBB,LUBBOCK INTL,LUBBOCK,TX,USA
LBC,LUEBECK BLANKENS,LUBECK,,DEU
LBE,WESTMORELAND CTY,LATROBE,PA,USA
LCA,LARNACA INTNL,LARNACA,,CYP
LCE,INTERNATIONAL,LA CEIBA/HONDURA,,HND
LCG,LA CORUNNA ARPT,LA CORUNNA,,ESP
LCH,LAKE CHARLES RGN,LAKE CHARLES,LA,USA
LCY,LONDON CITY APT,LONDON,,GBR
LDB,LONDRINA,LONDRINA,,BRA
LEB,LEBANON MUNI,LEBANON,NH,USA
LED,POLKOVO,LENINGRAD,,RUE
LEH,OCTEVILLE,LEHAVRE,,FRA
LEI,ALMERIA,ALMERIA,,ESP
LEJ,SCHKEUDITZ,LEIPZIG,,DEU
LEN,LEON,LEON,,ESP
LEX,BLUE GRASS,LEXINGTON,KY,USA
LFT,LAFAYETTE RGNL,LAFAYETTE,LA,USA
LGA,LA GUARDIA,NEW YORK,NY,USA
LGB,DAUGHERTY FIELD,LONG BEACH,CA,USA
LGK,LANGAKAWI INTL,LANGKAWI,,MYS
LGW,GATWICK,LONDON,,GBR
LHE,LAHORE INTL,LAHORE,,PAK
LHR,HEATHROW,LONDON,,GBR
LIF,LIFOU,LIFOU,,NCL
LIH,LIHUE ARPT,LIHUE,HI,USA
LIM,JORGE CHAVEZ INT,LIMA,,PER
LIN,LINATE,MILAN,,ITA
LIO,LIMON ARPT,LIMON,,CRI
LIR,LIBERIA,LIBERIA,,CRI
LIS,LISBOA,LISBON,,PRT
LIT,REGIONAL AIRPORT,LITTLE ROCK,AR,USA
LJU,LJUBLJANA,AERODROM,,SVN
LKL,LAKSELV,LAKSELV,,NOR
LKN,LEKNES,LEKNES,,NOR
LLA,KALLAX,LULEA,,SWE
LMT,KLAMATH FALLS IN,KLAMATH FALLS,OR,USA
LNK,LINCOLN MUNI,LINCOLN,NE,USA
LNS,LANCASTER ARPT,LANCASTER,PA,USA
LNZ,BLUE DANUBE,LINZ,,AUT
LOS,LAGOS,LAGOS,,NGA
LPA,GRAN CANARIA,LAS PALMAS,,ESP
LPB,EL ALTO,LA PAZ,,BOL
LPI,LINKOPING,LINKOPING,,SWE
LPL,LIVERPOOL INTL,LIVERPOOL,,GBR
LRD,LAREDO INTL,LAREDO,TX,USA
LRH,LALEU,LA ROCHELLE,,FRA
LRM,LA ROMANA ARPT,LA ROMANA,,DOM
LSE,LACROSSE MUNI,LACROSSE,WI,USA
LSI,SUMBURGH,SHETLAND ISLANDS,,GBR
LSS,LES SAINTES,TERRE-DE-HAUT,,GLP
LST,LAUNCESTON,LAUNCESTON,,AUS
LTN,LUTON INTL,LUTON,,GBR
LTO,LORETO,LORETO,,MEX
LTT,LA MOLE,ST TROPEZ,,FRA
LUX,LUXEMBOURG INTER,LUXEMBOURG,,LUX
LWB,GREENBRIER VLY,GREENBRIER,WV,USA
LWK,LERWICK,"TINGWALL,SHTL IS",,GBR
LWS,NEZ PERCE CNTY,LEWISTON,ID,USA
LYH,RESTON GLENN,LYNCHBURG,VA,USA
LYR,LONGYEAR,SVALBARD,,NOR
LYS,SATOLAS,LYON SATOLAS,,FRA
MAA,CHENNAI,CHENNAI,,IND
MAB,BARAJAS-BUSINESS,MADRID,,ESP
MAC,I/V MAD COMFORT,MADRID,,ESP
MAD,BARAJAS-TURISTA,MADRID,,ESP
MAE,STRAIGHTS,OF MAGELLEN,,CHL
MAF,ODESSA,MIDLAND,TX,USA
MAG,MADANG,MADANG,,PNG
MAH,MENORCA,MENORCA,,ESP
MAN,MANCHESTER INTL,MANCHESTER,,GBR
MAO,EDUARDO GOMES,MANAUS,,BRA
MAR,LA CHINITA,"MARACAIBO, VEN",,VEN
MAS,I/V MAD SUPERIOR,MADRID,,ESP
MAY,MANGROVE CAY,MANGROVE CAY,,BHS
MAZ,DE HOSTOS,MAYAGUEZ,,PRI
MBA,MOI INTL,MOMBASA,,KEN
MBJ,SANGSTER INTL,MONTEGO BAY,,JAM
MBS,TRI CITY,SAGINAW,MI,USA
MCG,MAD I/COM R/GRA,MADRID,,ESP
MCI,KANSAS CITY INTL,KANSAS CITY,MO,USA
MCN,LEWIS B WILSON,MACON,GA,USA
MCO,ORLANDO INTL,ORLANDO,FL,USA
MCP,MACAPA,MACAPA,,BRA
MCS,MAD I/COM R/SUP,MADRID,,ESP
MCT,MUSCAT INT'L,MUSCAT OMAN,,OMN
MCW,MASON CITY MUNI,MASON CITY,IA,USA
MCY,MAROOCHYDORE,SUNSHINE COAST,,AUS
MCZ,PALMARES,MACEIO,,BRA
MDE,JOSE MARIA CORD,MEDELLIN,,COL
MDT,HARRISBURG INTL,HARRISBURG,PA,USA
MDW,MIDWAY AIRPORT,CHICAGO,IL,USA
MDZ,EL PLUMERILLO,MENDOZA,,ARG
MEC,MANTA,MANTA,,ECU
MEI,KEY FIELD,MERIDIAN,MS,USA
MEL,TULLAMARINE INTL,MELBOURNE,,AUS
MEM,MEMPHIS INTL,MEMPHIS,TN,USA
MEX,JUAREZ INTL,MEXICO CITY,,MEX
MFE,MILLER INTL,MCALLEN  MISSION,TX,USA
MFN,MILFORD SOUND,MILFORD SOUND,,NZL
MFR,JACKSON COUNTY,MEDFORD,OR,USA
MGA,AUGUSTO C SANDIN,MANAGUA,,NIC
MGC,MAD I/GRA R/COM,MADRID,,ESP
MGM,DANNELLY FIELD,MONTGOMERY,AL,USA
MGT,MAD I/GRA R/TUR,MADRID,,ESP
MGW,MORGANTOWN MUNI,MORGANTOWN,WV,USA
MHK,MANHATTAN MUNI,MANHATTAN,KS,USA
MHT,MANCHESTER RGNL,MANCHESTER,NH,USA
MIA,MIAMI INTL,MIAMI,FL,USA
MID,REJON,MERIDA,,MEX
MIR,HABIB BOURGUIBA,MONASTIR,,TUN
MJT,MYTILENE INTL,MYTILENE,,GRC
MJV,SAN JAVIER,MURCIA,,ESP
MKE,GENERAL MITCHELL,MILWAUKEE,WI,USA
MKG,NORTHSIDE,MUSKEGON,MI,USA
MKK,MOLOKAI,KAUNAKAKAI,HI,USA
MKL,MCKELLAR RGNL,JACKSON,TN,USA
MKY,MACKAY,MACKAY,,AUS
MLA,LUQA,MALTA,,MLT
MLB,MELBOURNE INTL,MELBOURNE,FL,USA
MLE,MALE INTL,MALVIDES ISLANDS,,MDV
MLH,MULHOUSE BASEL,MULHOUSE BASEL,,FRA
MLI,QUAD CITY,MOLINE,IL,USA
MLN,MELILLA,MELILLA,,ESP
MLU,MONROE RGNL,MONROE,LA,USA
MMA,NOT AN AIRPORT,MALMOFRIHAMN SWE,,SWE
MME,TEESSIDE INTL,TEESSIDE,,GBR
MMH,MAMMOTH LAKES,MAMMOTH LAKES,CA,USA
MMX,STURUP,MALMO,,SWE
MNI,JOHN OSBORNE,PLYMONTH,,MSR
MNL,NINOY AQUINO,MANILA,,PHL
MOB,MOBILE MUNICIPAL,MOBILE,AL,USA
MOD,MODESTO COUNTY,MODESTO,CA,USA
MOL,MOLDE,MOLDE,,NOR
MOT,MINOT INTL,MINOT,ND,USA
MOZ,MOOREA,MOOREA,,PYF
MPB,MIAMI SEAPLANE,MIAMI,FL,USA
MPL,FREJORGUES,MONTPELLIER,,FRA
MQT,MARQUETTE CNTY,MARQUETTE,MI,USA
MRS,MARIGNANE-PROVEN,MARSEILLES,,FRA
MRU,SIR S.RAMGOOLAM,PORT LOUIS,,MUS
MRY,MONTEREY,MONTEREY-SALINAS,CA,USA
MSB,MARIGOT,ST. MARTIN,,VIR
MSC,MAD I/SUP R/COM,MADRID,,ESP
MSE,KENT INTL,MANSTON,,GBR
MSG,MAD I/SUP R/GRA,MADRID,,ESP
MSL,MUSCLE SHOALS RG,MUSCLE SHOALS,AL,USA
MSN,DANE COUNTY RGNL,MADISON,WI,USA
MSO,JOHNSON BELL FLD,MISSOULA,MT,USA
MSP,SAINT PAUL INTL,MINNEAPOLIS,MN,USA
MSS,MASSENA INTL,MASSENA,NY,USA
MST,MAD I/SUP R/TUR,MADRID,,ESP
MSY,NEW ORLEANS INTL,NEW ORLEANS,LA,USA
MTC,MAD I/TUR R/COM,MADRID,,ESP
MTG,MAD I/TUR R/GRA,MADRID,,ESP
MTH,MARATHON ARPT,MARATHON,FL,USA
MTJ,MONTROSE RGNL,MONTROSE,CO,USA
MTS,MAD I/TUR/R/SUP,MADRID,,ESP
MTY,MARIANO ESCOBEDO,MONTERREY,,MEX
MUC,F.J. STRAUSS,MUNICH,,DEU
MVD,CARRASCO,MONTIVEDEO,,URY
MVY,MARTHA'S VINYD,MARTHA'S VINYD,MA,USA
MWH,GRANT COUNTY,MOSES LAKE,WA,USA
MXP,MALPENSA,MILAN,,ITA
MYR,MYRTLE BEACH AFB,MYRTLE BEACH,SC,USA
MZT,RAFAEL BUELNA,MAZATLAN,,MEX
NAN,NADI INTL,NADI,,FJI
NAP,CAPODICHINO,NAPLES,,ITA
NAS,NEW PROVIDENCE,NASSAU,,BHS
NAT,AUGUSTO SEVERO,NATAL,,BRA
NAW,NARATHIWAT ARPT,NARATHIWAT,,THA
NBO,JOMO KENYATTA,NAIROBI,,KEN
NCE,COTE D AZUR,NICE,,FRA
NCL,NEWCASTLE INTL,NEWCASTLE,,GBR
NDL,ANDALSNES,NORWAY,,NOR
NEV,VANCE WINKWORTH,NEVIS,,KNA
NGB,NINGBO ARPT,NINGBO,,CHN
NGM,AGANA NAVAL,AGANA,,GUM
NGO,CHU-BU CENTRAIR,NAGOYA,,JPN
NGS,NAGASAKI ARPT,NAGASAKI,,JPN
NHA,NHA TRANG ARPT,NHA TRANG,,NAM
NKG,NANJING ARPT,NANJING,,CHN
NME,NIGHTMUTE ARPT,NIGHTMUTE,AK,USA
NOU,TONTOUTA,NOUMEA,,NCL
NPE,HAWKES BAY,NAPIER-HASTINGS,,NZL
NQY,ST MAWGAN,NEWQUAY,,GBR
NRK,KUNGSANGEN,NORRKOPING,,SWE
NRT,NARITA INTL,TOKYO,,JPN
NSY,SIGONELLA NAS,CATANIA,,ITA
NTE,NATES ATLANIQUE,NANTES,,FRA
NTL,WILLIAMTOWN,NEWCASTLE,,AUS
NUE,NUREMBERG ARPT,NUREMBERG,,DEU
NVT,NAVEGANTES,NAVEGANTES,,BRA
NWI,NORWICH AIRPORT,NORWICH,,GBR
OAJ,ALBERT J ELLIS,JACKSONVILLE,NC,USA
OAK,OAKLAND INTL,OAKLAND,CA,USA
OBN,OBAN,OBAN,,GBR
OCJ,BOSCOBEL,OCHO RIOS,,JAM
ODB,CORDOBA AIRPORT,CORDOBA,,ESP
ODS,ODESSA CENTRAL,ODESSA,,UKR
OER,ORNSKOLDSVIK,ORNSKOLDSVIK,,SWE
OGG,KAHULUI APRT,KAHULUI,HI,USA
OGS,OGDENSBURG INTL,OGDENSBURG,NY,USA
OIT,OITA,OKABA,,JPN
OKA,NAHA,OKINAWA,,JPN
OKC,W. ROGERS WORLD,OKLAHOMA CITY,OK,USA
OKL,OKSIBIL ARPT,OKSIBIL,,IDN
OLA,ORLAND,OLDEN,,NOR
OLB,COSTA SMERALDA,OLBIA,,ITA
OMA,EPPLEY AIRFIELD,OMAHA,NE,USA
OME,NOME AIRPORT,NOME,AK,USA
ONT,ONTARIO INTL,ONTARIO,CA,USA
ONX,COLON ARPT,COLON,,PAN
OOL,GOLD COAST,COOLANGATTA,,AUS
OPO,FRANCISCO SÁ CAR,PORTO,,PRT
ORD,O'HARE INTL,CHICAGO,IL,USA
ORF,NORFOLK INTL,NORFOLK,VA,USA
ORH,WORCESTER MUNI,WORCESTER,MA,USA
ORK,CORK ARPT,CORK,,IRL
ORY,ORLY AIRPORT,PARIS,,FRA
OSA,KANSAI AIRPORT,KYOTO,,JPN
OSD,FROSO,OSTERSUND,,SWE
OSL,OSLO AIRPORT,OSLO,,NOR
OTH,NORTH BEND MUNI,NORTH BEND,OR,USA
OTP,OTOPENI INTL,BUCHAREST,,ROM
OVD,ASTURIAS,OVIEDO,,ESP
OWB,DAVIESS COUNTY,OWENSBORO,KY,USA
OXR,OXNARD AIRPORT,OXNARD,CA,USA
PAD,PADERBORN ARPT,PADERBORN,,DEU
PAH,BARKLEY RGNL,PADUCAH,KY,USA
PAN,PATTANI ARPT,PATTANI,,THA
PAP,MAIS GATE,PORT AU PRINCE,,HTI
PAR,I/V CDG COMFORT,PARIS,,FRA
PAS,PAROS,PAROS,,GRC
PBI,PALM BEACH INTL,WEST PALM BEACH,FL,USA
PBM,ZANDERIJ INTL,PARAMARIBO,,SUR
PCT,CDG I/COM R/TUR,PARIS,,FRA
PDL,PONTA DELGADA,PONTA DELGADA,,PRT
PDP,PUNTA DEL ESTE,PUNTA DEL ESTE,,URY
PDT,E. OREGON RGNL,PENDELTON,OR,USA
PDX,PORTLAND INTL,PORTLAND,OR,USA
PEG,PERUGIA,PERUGIA,,ITA
PEK,CAPITAL,BEIJING,,CHN
PEN,PENINSULAR INTL,PENANG,,MYS
PER,PERTH,PERTH,,AUS
PFN,PANAMA CITY-BAY,PANAMA CITY,FL,USA
PFO,PAPHOS INTNL,PAPHOS,,CYP
PGD,CHARLOTTE COUNTY,PUNTA GORDA,FL,USA
PGF,PERPIGNAN AP,PERPIGNAN,,FRA
PGV,PITT-GREENVILLE,GREENVILLE,NC,USA
PHE,PORT HEDLAND,PORT HEDLAND,,AUS
PHF,NEWPORT NEWS INT,NEWPORT NEWS,VA,USA
PHL,PHILADELPHIA,PHILADELPHIA,PA,USA
PHX,SKY HARBOR INTL,PHOENIX,AZ,USA
PIA,GREATER PEORIA,PEORIA,IL,USA
PIB,LAUREL RGNL,LAUREL/HATTIESBU,MS,USA
PID,PARADISE ISLAND,NASSAU,,BHS
PIE,ST. PETERSBURG,ST. PETERSBURG,FL,USA
PIH,POCATELLO MUNI,POCATELLO,ID,USA
PIK,PRESTWICK ARPT,PRESTWICK,,GBR
PIN,PARINTINS,PARINTINS,,BRA
PIR,PIERRE RGNL,PIERRE,SD,USA
PIT,PITTSBURGH INTL,PITTSBURGH,PA,USA
PIX,PICO AIRPORT,PICO ISLAND,,PRT
PKB,OHIO VALLEY AIRP,PARKERSBURG,WV,USA
PKC,PETROPAVLOVSK-KA,PETROPAVLOVSK,,RUE
PKG,PANGKOR ARPT,PANGKOR,,MYS
PLB,CLINTON COUNTY,PLATTSBURG,NY,USA
PLC,LAS PALMAS,USED BY EP - INC,,ESP
PLH,ROBOROUGH ARPT,PLYMOUTH,,GBR
PLN,PELLSTON RGNL,PELLSTON,MI,USA
PLS,PROVIDENCIALES,PROVIDENCIALES,,TCA
PMC,EL TEPUAL,PUERTO MONTT,,CHL
PMF,PARMA,PARMA,,ITA
PMI,PALMA DE MAJORCA,PALMA DE MAJORCA,,ESP
PMO,PUNTA RAISI,PALERMO,,ITA
PMV,CARIBE GENE INTL,PORLAMARAR,,VEN
PMY,PUERTO MADRYN,PUERTO MADRYN,,BRA
PNA,PAMPLONA,PAMPLONA,,ESP
PNB,PORTO NOVO ARPT,PORTO NOVO,,CPV
PNS,PENSACOLA RGNL,PENSACOLA,FL,USA
PNT,TENIENTE J. GALL,PUERTO NATALES,,CHL
POA,SALGADO FILHO,PORTO ALEGRE,,BRA
POM,JACKSON FIELD,PORT MORESBY,,PNG
POP,PUERTO PLATA,PUERTO PLATA,,DOM
POS,PIARCO INTL,TRINIDAD/TOBAGO,,TTO
POT,PORT ANTONIO,PORT ANTONIO,,JAM
POZ,LAWICA,POZNAN,,POL
PPG,PAGO PAGO INTL,PAGO PAGO,,ASM
PPT,FAA'A,PAPEETE,,PYF
PQI,N. MAINE RGNL,PRESQUE ISLE,ME,USA
PRC,LOVE FLD,PRESCOTT,AZ,USA
PRG,PRAGUE APRT,PRAGUE,,CZE
PRI,PRASLIN ISLAND,PRASLIN ISLAND,,SYC
PRM,PORTIMAO,PORTIMAO,,PRT
PRT,PUERTO LIMON,PUERTO LIMON,,CRI
PSA,PISA GAL GALILEI,PISA,,ITA
PSC,TRI-CITIES ARPT,PASCO,WA,USA
PSE,MERCEDITA ARPT,PONCE,PR,USA
PSG,PETERSBURG MUNIC,PETERSBURG,AK,USA
PSJ,POSO,POSO,,IND
PSP,PALM SPRINGS,PALM SPRINGS,CA,USA
PSR,LIBERI,PESCARA,,ITA
PSY,PORT STANLEY,PORT STANLEY,,FLK
PTC,CDG I/TUR R/COM,PARIS,,FRA
PTP,LE RAIZET,POINTE-A-PITRE,,GLP
PTY,TOCUMEN INTL,PANAMA CITY,,PAN
PUB,PUEBLO MEMORIAL,PUEBLO,CO,USA
PUJ,PUNTA CANA ARPT,PUNTA CANA,,DOM
PUQ,PRES C.I.DELCAMP,PUNTA ARENAS,,CHL
PUS,GIMHAE,BUSAN,,KOR
PUV,POUM AIRPORT,POUM,,NCL
PUW,PULLMAN/MOSCOW R,PULLMAN,WA,USA
PVD,THEODORE FRANCIS,PROVIDENCE,RI,USA
PVG,PU DONG,SHANGHAI,,CHN
PVR,GUSTAVO D.ORDAZ,PUERTO VALLARTA,,MEX
PWM,PORTLAND INTL,PORTLAND,ME,USA
PZO,PUERTO ORDAZ,PUERTO ORDAZ,,VEN
QKL,COLOGNE RAILWAY,COLOGNE,,DEU
QKO,AL KHUMS,KHOMS,,LBY
QYG,RAIL & FLY,ALL GERMAN CITYS,,DEU
RAN,LA SPRETA,RAVENNA AIRPORT,,ITA
RAP,RAPID CITY RGNL,RAPID CITY,SD,USA
RAR,RAROTONGA,RAROTONGA,,COK
RDD,REDDING MUNICIPA,REDDING,CA,USA
RDG,READING REGIONAL,READING,PA,USA
RDM,REDMON MUNI,REDMOND,OR,USA
RDU,RALEIGH DURHAM,RALEIGH DURHAM,NC,USA
REC,GUARARAPES INTL,RECIFE,,BRA
REG,T MENNITI,REGGIO CALABRIA,,ITA
REK,REYKJAVIK,REYKJAVIK,,ISL
REP,SIEM REAP,SIEM REAP,,KHM
REU,REUS,REUS,,ESP
RFD,GTR ROCKFORD,ROCKFORD,IL,USA
RGI,RANGIROA,RANGIROA,,PYF
RGN,MINGALADON INTL,YANGON,,MMR
RGS,BURGOS,BURGOS,,ESP
RHI,RHINELANDER-ONEI,RHINELANDER,WI,USA
RHO,DIAGORAS/MARITSA,RHODES,,GRC
RIC,RICHMOND INTL,RICHMOND,VA,USA
RIW,RIVERTON RGNL,RIVERTON,WY,USA
RIX,LATVIA INTRNTL,RIGA,,LVA
RJL,AGONCILLO,LOGRONO,,ESP
RKS,ROCK SPR-SWEETWA,ROCK SPRINGS,WY,USA
RLG,ROSTOCK/DE:LAAGE,ROSTOCK,,DEU
RMI,RIMINI,RIMINI,,ITA
RNN,BORNHOLM,RONNE BORHNOLM,,DNK
RNO,RENO TAHOE INTL,RENO,NV,USA
ROA,ROANOKE REGIONAL,ROANOKE,VA,USA
ROC,MONROE COUNTY,ROCHESTER,NY,USA
ROK,ROCKHAMPTON,"ROCKHAMPTON, QLD",,AUS
ROM,ROME,ROME ITALY,,ITA
ROT,ROTORUA,ROTORUA,,NZL
ROW,ROSWELL,ROSWELL,NM,USA
RRS,ROROS,ROROS,,NOR
RST,ROCHESTER MUNICI,ROCHESTER,MN,USA
RSW,S W FLORDIA INTL,FT. MYERS,FL,USA
RTB,JUAN M GALVEZ,ROATAN,,HND
RTK,KULA LUMPUR ITNL,PORT KELANG,,MYS
RTM,ROTTERDAM ARPT,ROTTERDAM,,NLD
RWI,ROCKY MOUNT-WILS,ROCKY MOUNT,NC,USA
SAH,EL RAHABA INTL,SAANA,,YEM
SAL,EL SALVADOR INT,SAN SALVADOR,,SLV
SAN,LINDBERG FIELD,SAN DIEGO,CA,USA
SAP,RAMON V. MORALES,SAN PEDRO SULA,,HND
SAT,SAN ANTONIO INTL,SAN ANTONIO,TX,USA
SAV,SAVANNAH INTL,SAVANNAH,GA,USA
SAW,SABINA,ISTAMBUL,,TUR
SBA,SANTA BARBARA,SANTA BARBARA,CA,USA
SBH,ST BARTHELEMY,ST BARTHELEMY,,KNA
SBN,MICHIANA REGION,SOUTH BEND,IN,USA
SBP,SAN LUIS OBISPO,SAN LUIS OBISPO,CA,USA
SBS,BOB ADAMS FIELD,STEAMBOAT SPRING,CO,USA
SBY,SALISBURY COUNTY,SALISBURY,MD,USA
SCE,STATE COLLEGE,STATE COLLEGE,PA,USA
SCL,A MERINO BENITEZ,SANTIAGO,,CHL
SCQ,SANTIAGO DE CMPS,SANTIAGO DE CMPS,,ESP
SDF,STANDIFORD FIELD,LOUISVILLE,KY,USA
SDK,SANDAKAN AIRPORT,SANDAKAN,,MYS
SDL,MIDLANDA,SUNDSVALL,,SWE
SDQ,LAS AMERICAS,SANTO DOMINGO,,DOM
SDR,SANTANDER,SANTANDER,,ESP
SDU,SANTOS DUMONT,RIO DE JANEIRO,,BRA
SEA,SEATTLE TACOMA,SEATTLE,WA,USA
SEL,KIMPO INTL,SEOUL,,KOR
SEN,SOUTHEND,LONDON,,GBR
SEZ,SEYCHELLES INTL,SEYCHELLES,,SYC
SFB,CENTRAL FL RGNL,SANFORD,FL,USA
SFO,SAN FRANCISCO,SAN FRANCISCO,CA,USA
SFT,SKELLEFTEA,SKELLEFTEA,,SWE
SGF,SPRINGFIELD RGNL,SPRINGFIELD,MO,USA
SGN,TAN SON NHUT INT,HO CHI MINH CITY,,NAM
SGU,ST GEORGE MUNI,ST GEORGE,UT,USA
SGY,SKAGWAY ARPT,SKAGWAY,AK,USA
SHA,HONHQIAO,SHANGHAI,,CHN
SHD,SHENANDOAH VLY,STAUNTON,VA,USA
SHR,SHERIDAN COUNTY,SHERIDAN,WY,USA
SHV,SHREVEPORT RGNL,SHREVEPORT,LA,USA
SIN,CHANGI INTL,SINGAPORE,,SGP
SIP,SIMFEROPOL,YALTA,,UKR
SIT,SITKA ARPT,SITKA,AK,USA
SJC,SAN JOSE INTL,SAN JOSE,CA,USA
SJD,LOS CABOS,SAN JOSE DE CABO,,MEX
SJJ,SARAJEVO ARPT,SARAJEVO,,BIH
SJK,SAO JOSE CAMPOS,SAO JOSE D CAMPO,,BRA
SJO,JUAN SANTAMARIA,SAN JOSE,,CRI
SJT,MATHIS FIELD,SAN ANGELO,TX,USA
SJU,LUIS MUNOZ MARIN,SAN JUAN,,PRI
SKB,GOLDEN ROCK,ST.KITTS-NEVIS,,KNA
SKG,THESSALONIKI INT,THESSALONIKI,,GRC
SKL,BROADFORD,ISLE OF SKYE,,GBR
SKN,STOKMARKNES,SKAGEN,,DNK
SKP,SKOPJE AIRPORT,SKOPJE,,MCD
SLC,SALT LAKE INTL,SALT LAKE CITY,UT,USA
SLK,ADIRONDACK RGNL,SARANAC LAKE,NY,USA
SLL,SALALAH ARPT,SALALAH,,OMN
SLN,SALINAS MUNICIPA,SALINAS,KS,USA
SLU,VIGIE FIELD,STLUCIA/W.INDIES,,LCA
SLW,SALTILLO AIRPORT,"SALTILLO, MEXICO",,MEX
SLZ,MACHADO,SAO LUIS,,BRA
SMF,SACRAMENTO METRO,SACRAMENTO,CA,USA
SMX,SANTA MARIA ARPT,SANTA MARIA,CA,USA
SNA,JOHN WAYNE,ORANGE COUNTY,CA,USA
SNN,SHANNON ARPT,SHANNON,,IRL
SNR,MONTOIR,ST NAZAIRE,,FRA
SOC,SOU GLA,COACH AIR,,GBR
SOF,SOFIA INTERNTL,SOFIA,,BGR
SOG,HAUKASEN,SOGNOAL,,NOR
SOL,N/A,N/A,,GBR
SOM,SOU MAN,COACH AIR,,GBR
SON,PEKOA AIRPORT,ESPIRITU SANTO,,VUT
SOP,MOORE COUNTY,PINEHURST,NC,USA
SOU,EASTLEIGH,SOUTHAMPTON,,GBR
SPC,LA PALMA,ST CRUZ DE PALMA,,ESP
SPI,CAPITAL,SPRINGFIELD,IL,USA
SPS,WICHITA FALLS,WICHITA FALLS,TX,USA
SPU,SPLIT,SPLIT,,HRV
SPW,SPENCER MUNI,SPENCER,IA,USA
SRG,ACHMAD UANI,SEMARANG,,IND
SRQ,SARASOTA INTL,SARSTA/BRADENTWN,FL,USA
SSA,DOIS DE JULHO,SALVADOR,,BRA
SSH,RAS NASRANI,SHARM EL SHEIKH,,EGY
SSZ,SAO PAULO,SANTOS,,BRA
STC,ST CLOUD MUNI,ST CLOUD,MN,USA
STI,CIBAO INTL,SANTIAGO,,DOM
STL,LAMBERT INTL,ST. LOUIS,MO,USA
STM,EDUARDO GOMES,SANTAREM,,BRA
STN,STANSTED,LONDON,,GBR
STR,STUTTGART,STUTTGART,,DEU
STS,SONOMA COUNTY,SANTA ROSA,CA,USA
STT,H.TRUMAN FIELD,ST THOMAS,,VIR
STX,ALEX HAMILTON,ST CROIX,,VIR
SUB,JUANDA,SURABAYA,,IND
SUF,SOUTH EUFEMIA,LAMEZIA TERME,,ITA
SUN,FRIEDMAN MEM,SUN VALLEY,ID,USA
SUV,NAUSORI AIRPORT,SUVA,,FJI
SUX,SIOUX GATEWAY,SIOUX CITY,IA,USA
SVD,E.T. JOSHUA,ST VINCENT,,VCT
SVG,SOLA,STAVANGER,,NOR
SVJ,HELLE,SVOLVAER,,NOR
SVN,SAVONA ARPT,SAVONA,,ITA
SVO,SHEREMETYEVO,MOSCOW,,RUE
SVQ,SEVILLE,SEVIILE,,ESP
SWD,SEWARD ARPT,SEWARD,AK,USA
SWF,STEWART,NEWBURGH,NY,USA
SXB,ENTZHEIM,STRASBOURG,,FRA
SXF,SCHOENEFELD,BERLIN,,DEU
SXM,PRINC. JULIANA,ST MAARTEN,,ANT
SYD,KINGSFORD SMITH,SYDNEY,,AUS
SYG,SPITSBERG,SVALBARD,,NOR
SYR,HANCOCK INTL,SYRACUSE,NY,USA
SYX,SANYA  AIRPORT,SANYA,,CHN
SZD,SHEFFIELD CITY,SHEFFIELD,,GBR
SZG,WOLFGANG A MOZAR,SALZBURG,,AUT
SZX,BAO AN INTL,SHENZHEN,,CHN
SZZ,GOLENIOW,SZCZECIN,,POL
TAB,TOBAGO ARPT,TOBAGO,,TTO
TAK,TAKAMATSU,TAKAMATSU,,JPN
TAM,INTL FRAN JAVIER,TAMPICO,,MEX
TAO,LIUTING INTL,QINGDAO,,CHN
TAP,TAPACHULA INT'L,TAPACHULA,,MEX
TAR,GROTTAGLIE,TARANTO,,ITA
TBA,VOID,VOID,,GBR
TCI,TENERIFE,TENERIFE,,ESP
TER,LAJES AIRPORT,TERCEIRA,,PRT
TEX,TELLURIDE RGNL,TELLURIDE,CO,USA
TFN,NORTE LOS RODEOS,TENERIFE,,ESP
TFS,SUR REINA SOFIA,"TENERIFE,CANARY",,ESP
TGK,SONGKHLA,THAILAND,,THA
TGU,TONCONTIN,TEGUCIGALPA,,HND
THE,SENADOR PETRONIO,TERESINA,,BRA
THF,TEMPELHOF,BERLIN,,DEU
THR,MEHRABAD,TEHRAN,,IRN
TIJ,RODRIGUEZ,TIJUANA,,MEX
TIP,TRIPOLI INTL,TRIPOLI,,LBY
TIV,TIVAT,TIVAT,,HRV
TKU,TURKU ARPT,TURKU,,FIN
TLC,TOLUCA,TOLUCA,,MEX
TLH,TALLAHASSEE RGNL,TALLAHASSEE,FL,USA
TLL,YULEMISTE,TALLINN,,EST
TLN,HYERES,TOULON,,FRA
TLS,BLAGNAC,TOULOUSE,,FRA
TLV,BEN GURION,TEL AVIV,,ISR
TNG,BOUKHALEF,TANGIER,,MAR
TOL,TOLEDO EXPRESS,TOLEDO,OH,USA
TOS,TROMSO / LANGNES,TROMSO,,NOR
TOU,TOUHO,TOUHO,,NCL
TOY,TOYAMA,TOYAMA,,JPN
TPA,TAMPA INTL,TAMPA,FL,USA
TPE,TAOYUAN INTL,TAIPEI,,TWN
TPS,BIRGI,TRAPANI,,ITA
TRC,TORREON ARPT,TORREON,,MEX
TRD,VAERNES,TRONDHEIM,,NOR
TRF,TORP,SANDEFJORD,,NOR
TRG,TAURANGA,TAURANGA,,NZL
TRI,TRI CITY RGNL,BRISTOL KINGSPRT,TN,USA
TRN,CITTA DI TORINO,TURIN,,ITA
TRS,DEI LEGIONARI,TRIESTE,,ITA
TSF,TREVISO,VENICE,,ITA
TSN,ZHANG GUI ZHUANG,TIANJIN,,CHN
TSR,TRAIAN VUIA INTL,TIMISOARA,,ROM
TSV,TOWNSVILLE ARPT,TOWNSVILLE,,AUS
TTN,TRENTON-MERECER,PHILADELPHIA,PA,USA
TUL,TULSA INTL,TULSA,OK,USA
TUN,CARTHAGE,TUNIS,,TUN
TUO,TAUPO,TAUPO,,NZL
TUP,LEMONS MUNI,TUPELO,MS,USA
TUS,TUCSON  INTL,TUCSON,AZ,USA
TVC,CHERRY CAPTIAL,TRAVERSE CITY,MI,USA
TVL,LAKE TAHOE ARPT,LAKE TAHOE,CA,USA
TWF,TWINS FALLS RGNL,TWINS FALLS,ID,USA
TXK,TEXARKANA RGNL,TEXARKANA,AR,USA
TXL,TEGEL,BERLIN,,DEU
TYO,NARITA,TOKYO,,JPN
TYR,TYLER POUNDS,TYLER,TX,USA
TYS,MCGHEE TYSON,KNOXVILLE,TN,USA
UCA,ONIEDA CNTY,UTICA,NY,USA
UIN,QUINCY MUNI,QUINCY,IL,USA
UIO,MARISCAL SUCRE,QUITO,,ECU
UKB,KOBE,KOBE,,JPN
UKS,SEVASTOPOL,SEVASTOPOL,,UKR
UME,UMEA,UMEA,,SWE
URO,BOOS,ROUEN,,FRA
USH,ISLAS MALVINAS,USHUAIA,,ARG
USM,KOH SAMUI,KOH SAMUI,,THA
UVE,OUVEA,OUVEA,,NCL
UVF,HEWANORRA,ST.LUCIA,,LCA
VAP,VALPARAISO ARPT,VALPARAISO,,CHL
VAR,VARNA,VARNA,,BGR
VBS,MONTICHIARI,MONTICHIARI,,ITA
VBY,VISBY,VISBY,,SWE
VCE,MARCO POLO,VENICE,,ITA
VCL,ULVIK NORWAY,ULVIK NORWAY,,NOR
VCP,VIRACOPOS,CAMPINAS,,BRA
VCS,VICTORIA STATION,LONDON,,GBR
VCT,VICTORIA RGNL,VICTORIA,TX,USA
VCY,VISBY,VISBY SWEDEN,,SWE
VDE,HIERRO,VALVERDE,,ESP
VDZ,VALDEZ MUNI,VALDEZ,AK,USA
VEL,VERNAL AIRPORT,VERNAL,UT,USA
VGO,VIGO ARPT,VIGO,,ESP
VIE,VIENNA INTL,VIENNA,,AUT
VIJ,VIRGIN GORDA,VIRGIN GORDA,,VGB
VIT,VITORIA,VITORIA,,ESP
VIX,EURICO SALES,VITORIA,,BRA
VLC,VALENCIA,VALENCIA,,ESP
VLD,VALDOSTA RGNL,VALDOSTA,GA,USA
VLI,BAUERFIELD,PORT VILA,,VUT
VLL,VALLADOLID,VALLADOLID,,ESP
VNO,VILNIUS AIRPORT,VILNIUS,,LTU
VOL,NEA ANCHIALOS,VOLOS,,GRC
VPS,DESTIN FT WALTON,FT WALTON BCH,FL,USA
VQS,VIEQUES AIRPORT,VIEQEUS,,PRI
VRN,VERONA AIRPORT,VERONA,,ITA
VSI,VASTERAS,VASTERAS SWEEDEN,,SWE
VTG,VUNG TAU ARPT,VUNG TAU,,VNM
VVI,VIRU VIRU INTL,SANTA CRUZ,,BOL
VVO,VLADIVOSTOK,VLADIVOSTOK,,RUE
VXO,VAXJO,VAXJO,,SWE
WAT,WATERFORD,WATERFORD,,IRL
WAW,OKCECIE AIRPORT,WARSAW POLAND,,POL
WIC,WICK,WICK,,GBR
WLG,WELLINGTON INTL,WELLINGTON,,NZL
WRG,WRANGELL SPB,WRANGELL,AK,USA
WSY,WHITSUNDAY,AIRLIE BEACH,,AUS
WUH,TIANHE INTL,WUHAN,,CHN
WWW,NO FLIGHTS,NO FLIGHTS,,AUS
XAL,ALAMOS NATIONAL,ALAMOS,,MEX
XDS,OTTAWA RR,OTTAWA,,CAN
XIY,XIANYANG INTL,XIAN,,CHN
XJT,KO SAMUI,THAILAND,,THA
XKU,KUSADASI ARPT,KUSADASI,,TUR
XMN,XIAMEN ARPT,XIAMEN,,CHN
XNA,NW ARKANSAS RGNL,FAYETTEVILLE,AR,USA
XNB,CHELSEA BUS ST,DUBAI,,UAE
XRY,LA PARRA,JEREZ FRONTERA,,ESP
XXX,AT SEA,AT SEA,FL,USA
XYZ,TEST AIRPORT COD,LONDON,,GBR
YAK,YAKUTAT,YAKUTAT MUNICIPL,AK,USA
YAM,SAULT ST MARIE,SAULT STE. MARIE,,CAN
YBG,BAGOTVILLE ARPT,BAGOTVILLE,,CAN
YBL,CAMBELLRIVER APT,CAMBELL RIVER,,CAN
YCD,NANAIMO AIRPORT,NANAIMO,,CAN
YCG,CASTLEGAR APRT,CASTLEGAR,,CAN
YDF,DEER LAKE ARPT,DEER LAKE  NF,,CAN
YEA,KINGSTON AIRPORT,KINGSTON,,CAN
YEG,EDMONTON INTL,EDMONTON ALBERTA,,CAN
YFC,FREDERICTON ARPT,FREDERICTON N.B.,,CAN
YGK,KINGSTON,ONTARIO,,CAN
YGP,GASPE,GASPE,,CAN
YHM,JOHN C MONROE IN,HAMILTON ONTARIO,,CAN
YHZ,HALIFAX INTL,HALIFAX,,CAN
YJI,BILBAO,YJV,,ESP
YKA,FULTON FIELD,KAMLOOPS,,CAN
YKF,WATERLOO REGION,KITCHENERE,,CAN
YKM,AIR TERMINAL,YAKIMA,WA,USA
YLW,KELOWNA AIRPORT,KELOWNA,,CAN
YMM,FORT MCMURRAY,FORT MCMURRAY,,CAN
YMQ,MIRABLE,MONTREAL,,CAN
YMX,MIRABLE AIRPORT,MONTREAL,,CAN
YNF,DEER LAKE  ARPT,CORNER LAKE,,CAN
YNG,YOUNGSTOWN ARPT,YOUNGSTOWN,OH,USA
YNT,LAISHAN AIRPORT,YANTAI,,CHN
YOK,YOKOHAMA,YOKOHAMA,,JPN
YOW,OTTAWA INTL,OTTAWA ONTARIO,,CAN
YPR,PRINCE RUPERT,PRINCE RUPERT BC,,CAN
YQB,QUEBEC AIRPORT,QUEBEC,,CAN
YQG,WINDSOR AIRPORT,WINDSOR ONTARIO,,CAN
YQL,LETHBRIDGE,LETHBRIDGE,,CAN
YQM,MONCTON AIRPORT,MONCTON  N.B.,,CAN
YQQ,COMOX,COMOX,,CAN
YQR,REGINA AIRPORT,REGINA SASKATCHN,,CAN
YQT,THUNDER BAY ARPT,THUNDER BAY,,CAN
YQU,GRANDE PRAIRIE,GRAND PRAIRIE,,CAN
YQY,SYDNEY AIRPORT,SYDNEY NOVA SCOT,,CAN
YRC,YANGTZE RIVER,CRUISING,,CHN
YSB,GREATER GRAND,SUDBURY,,CAN
YSJ,ST JOHN AIRPORT,ST JOHN NEW BRNW,,CAN
YTS,TIMMINS,"TIMMINS,ONTARIO",,CAN
YTZ,CITY CENTER ARPT,TORONTO,,CAN
YUL,DORVAL INTL,MONTREAL QUEBEC,,CAN
YUM,YUMA INTL,YUMA,AZ,USA
YUY,ROUYN-NORANDA,ROUYN-NORANDA,,CAN
YVO,VAL D'OR AIRPORT,VAL D'OR,,CAN
YVR,VANCOUVER INTL,VANCOUVER B C,,CAN
YWG,WINNIPEG INTL,WINNIPEG MB,,CAN
YXC,CRANBROOK,CRANBROOK,,CAN
YXD,EDMONTON MUNI,EDMONTON ALBERTA,,CAN
YXE,SASKATOON ARPT,SASKATOON,,CAN
YXS,PRINCE GEORGE,PRINCE GEORGE,,CAN
YXT,TERRACE,TERRACE,,CAN
YXU,LONDON AIRPORT,LONDON,,CAN
YXX,ABBOTSFORD,ABBOTSFORD,,CAN
YXY,WHITEHORSE ARPT,WHITEHORSE YUKON,,CAN
YYC,CALGARY INTL,CALGARY ALBERTA,,CAN
YYF,PENTICTON,PENTICTON BC,,CAN
YYG,CHARLOTTETOWN,CHARLOTTETOWN,,CAN
YYJ,VICTORIA INTL,VICTORIA BC,,CAN
YYT,SAINT JOHNS ARPT,SAINT JOHNS NF,,CAN
YYY,MONT JOLI,MONT JOLI,,CAN
YYZ,PEARSON INTL,TORONTO,,CAN
ZAD,ZADAR,ZADAR,,HRV
ZAG,PLESO,ZAGREB,,HRV
ZAL,PICHOY,VALDIVIA,,CHL
ZAZ,ZARAGOZA,ZARAGOZA,,ESP
ZHA,ZHANJIANG ARPT,ZHANJIANG,,CHN
ZIH,IXTAPA INTL,"IXTAPA,ZIHUATNJO",,MEX
ZLO,PLAYA DE ORO,MANZANILLO,,MEX
ZMI,MERGELLINA RLWY,NAPLES,,ITA
ZQN,FRANKTON,QUEENSTOWN,,NZL
ZRH,ZURICH AIRPORT,ZURICH,,CHS
ZRK,VAN GALDER- BUS,ROCKFORD,IL,USA
ZTH,ZAKINTHOS INTL,ZAKINTHOS,,GRC
ZUD,ANCUD,ANCUD,,CHL
ZWS,STUTTGART RAIL,STUTTGART RAIL,,DEU
ZZZ,NO FLIGHTS,NO FLIGHTS,,AUS
HYD,BEGUMPET AIRPORT,"HYDERABAD, INDIA",,IND
HVB,HERVEY BAY,HERVEY BAY,,AUS
KWE,LONGDONGBAO INTL,GUI YANG,,CHN
CGO,ZINZHENG INTL,ZHENGZHOU,,CHN
NNG,WUXU INTL,NANNING,,CHN
ZHY,XIANGSHAN,ZHONGWEI,,CHN
SHE,TAOXIAN INTL,SHENYANG,,CHN
FSZ,MT FUJI SHIZUOKA,"SHIZUOKA, HONSHU",,JPN
UUS,YUZHNO-SAKHALINS,YUZHNO-SAKHALINS,,RUE
EBJ,ESBJERG AIRPORT,ESBJERG,,DNK
DIK,DICKINSON,DICKINSON,ND,USA
QDU,DUS RAILWAY,DUESSELDORF,,DEU
YQX,GANDER INTL,GANDER,,CAN
PUY,PULA,PULA,,HRV
YYB,NORTH BAY,NORTH BAY,,CAN
LIL,LILLE,LESQUIN,,FRA
YQZ,QUESNEL,QUESNEL,,CAN
ZEP,VICTORIA RAIL,LONDON,,GBR
PMQ,PERITO MORENO,SANTA CRUZ,,ARG
ASR,ERKILET,KAYSER,,TUR
XYD,PARTDIEU RAILWA,LYS,,FRA
LWO,LVIV INTRNATIONA,LVIV UKRAINE,,UKR
MMK,MURMANSK AIRPORT,MURMANSK,,RUE
EGS,EGILSSTADIR,EGILSSTADIR,,ISL
RKV,REYKJAVIK DOMEST,REYKJAVIK,,ISL
HYS,HAYS MNPL,HAYS,KS,USA
IKT,IRKUTSK,IRKUTSK,,RUE
KGI,KALGOORLIE,KALGOORLIE,,AUS
TNA,YAOQIANG INTL,JINAN,,CHN
FOC,CHANGLE INTL,FUZHOU,,CHN
MCM,MONTE CARLO,MONTE CARLO,,MCO
GMP,SEOUL,GIMPO INTERNATNL,,KOR
SAF,SANTA FE,SANTA FE,NM,USA
OYB,ORLY BUSINESS AP,PARIS,,PAR
RAK,MENARA,MARRAKECH,,MAR
ELH,NORTH ELEUTHERA,BAHAMAS,,BHS
WRO,COPERNICUS,WROCLAW,,POL
LUG,LUGANO,LUGANO,,CHS
BRC,SAN CARLOS DE,SAN CARLOS DE,,ARG
ZOS,HOTT SIEBERT,OSORNO,,CHL
SDJ,SENDAI,SENDAI,,JPN
KCZ,KOCHI RYOMA,NANKOTU,,JPN
ROR,PALAU,KOROR PALAU ISL,,PLW
YXJ,FORT ST JOHN,FORT ST JOHN,,CAN
RYG,MOSS LUFTHAVEN,RYGGE,,NOR
ZXU,RYGGE,RYGGE CITY,,NOR
PMR,PALMERSTON NORTH,PALMERSTON NORTH,,NZL
GGT,EXUMA INT'L,MOSS TOWN,,BHS
TRU,C MARTINEZ DE PI,TRUJILLO,,PER
MHH,MARSH HARBOUR,MARSH HARBOUR,,BHS
ITM,OSAKA INTL ITAMI,OSAKA,,JPN
DWC,AL MAKTOUM INTL,JEBEL ALI,,UAE
ZBF,BATHURST,NEW BRUNSWICK,,CAN
APN,ALPENA,ALPENA,MI,USA
NVK,NARVIK,NARVIK,,NOR
PLO,PORT LINCOLN,AUSTRALIA,,AUS
TBU,FUA AMOTU INTL,NUKU ALOFA,,TON
OUL,OULU,OULU,,FIN
VAA,VAASA,VAASA,,FIN
ULN,CHINGGIS KHAAN,ULAANBAATAR,,MNG
LAO,LAOAG,LAOAG,,PHL
VTE,WATTAY INTL,VIENTIANE,,LAO
RUH,KING KHALID INTL,RIYADH,,SAU
TMW,TAMWORTH,TAMWORTH,,AUS
YZR,CHRIS HADFIELD,SARNIA,,CAN
TAE,DAEGU INT AIRPOR,DAEGU,,KOR
PPP,PROSERPINE ARPT,PORSERPINE,,AUS
HRI,MATTALA INTL,HAMBANTOTA,,LKA
BTU,BINTULU AIRPORT,BINTULU,,MYS
OST,OSTENDE BRUGGE,OOSTENDE,,BEL
HOR,HORTA AIRPORT,HORTA,,PRT
RJK,RIJEKA INTL,RIJEKA,,HRV
XSB,SIR BANI YAS APT,SIR BANI YAS,,ARE
WGA,CITY AIRPORT,WAGGA WAGGA,,AUS
TWB,TOOWOOMBA,AUSTRALIA,,AUS
KOK,KOKKOLA,KOKKOLA,,FIN
PQQ,PORT MACQUARIE,NEW SOUTH WALES,,AUS
CFG,JAIME GONZALEZ,CIENFUEGOS,,CUB
SCU,ANTONIO MACEO,SANTIAGO DE CUBA,,CUB
RGL,KIGALI,KIGALI RWANDA,,REU
KGL,KIGALI,KIGALI RWANDA,,REU
ABV,NNAMDI AZIKWE,ABUJA,,NGA
GST,GUSTAVUS AIRPORT,GUSTAVUS,AK,USA
BDB,BUNDABERG QLD,AUSTRALIA,,AUS
PNH,PHNOM PENH INTL,PHNOM PENH,,KHM
PIU,CONCHA IBERICO,PIURA,,PER
ZVJ,ABU DHABI BUS ST,ABU DHABI,,UAE
DVO,FRANCISCO BANGOY,DAVAO,,PHL
SMI,SAMOS AIRPORT,SAMOS ISLAND,,GRC
MQN,ROSSVOLL,RANA,,NOR
SWO,STILLWATER,STILLWATER,OK,USA
SCC,DEADHORSE,DEADSHORSE,AK,USA
YPW,POWELL RIVER,POWELL RIVER,,CAN
LXS,LEMNOS INT,GREECE,,GRC
KIJ,NIIGATA AIRPORT,NIIGATA,,JPN
CQF,PORT DE CALAIS,PORT DE CALAIS,,FRA
MHD,MASHHAD INTL,MASHHAD,,IRN
BJV,BODRUM MILAS,BODRUM,,TUR
CEB,MACTAN INTL,CEBU,,PHL
IKJ,ERROR,ERROR,,IND
KKJ,KITAKYUSHU ARPT,KITAKYUSHU,,JPN
IXJ,JAMMU AIRPORT,JAMMU,,IND
CZX,CHANGZHOU APRT,CHANGZHOU,,CHN
WTB,BNE WEST WELLCAM,BRISBANE,,AUS
SNU,SANTA CLARA,SANTA MARIA,CA,USA
MYA,MORUYA,MORUYA,,AUS
CDP,CHARLES DE GUALL,PARIS,,FRA
MIM,MERIMBULA  AIRPT,MERIMBULA,,AUS
NZN,NELSON AIRPORT,NELSON,,NZL
NSN,NELSON AIRPORT,NELSON,,NZL
TCR,TUTICORIN,TUTICORIN,,IND
JGA,JAMNAGAR AIRPORT,PORBANDER,,IND
DGT,SIBULAN AIRPORT,DUMAGUETE,,PHL
TTU,SANIEL RAMEL APT,TETOUAN,,MAR
HOG,FRANK PAIS ARPT,HOLGIN,,CUB
RVK,RYUM AIRPORT,RORVIK,,NOR
AGR,AGRA AIPORT,AGRA,,IND
HJR,KHAJURAHO,KHAJURAHO,,IND
PSM,PORTSMOUTH INTL,PORTSMOUTH,NH,USA
IVC,INVERCARGILL APT,INVERCARGILL,,NZL
USU,FRANCISO REYES,CORON,,PHL
GRS,GROSSETO,ROME,,ITA
LRT,LORIENT BRITTANY,LORIENT,,FRA
GIS,GISBORNE ARPT,GISBORNE,,NZL
SBG,MAIMUN SALEH,SABANG,,IND
EVN,ZVARTNOTS INTL,YEREVAN,,ARM
RNB,KALLINGE,RONNEBY/KARLSKRO,,SWE
SDN,ANDA,SANDANE,,NOR
UAK,NARSARSUAQ APRT,QAQORTOQ,,GRL
RUN,ROLAND GARROS AP,SAINTE MARIE,,REU
BIM,BIMINI AIRPORT,AIRPORT,,BHS
EMD,EMERALD,EMERALD,,AUS
TIA,TIRANA INT A/P,TIRANA,,ALB
LCK,RICKENBACKER INT,COLUMBUS,OH,USA
AQP,RODRIGUEZ BALLON,AREQUIPA,,PER
ANF,ANDRESGALVEZ APT,ANTOFAGASTA,,CHL
TBS,TBILISI INTL APT,TBILISI,,GEO
DKR,LÉOPOLD SÉDAR,DAKAR,,SEN
HGL,HELIGOLAND AIRPT,HELIGOLAND,,DEU
PAC,ALBROOK INTL,ALBROOK PANAMA C,,PAN
NPL,NEW PLYMOUTH APT,NEW PLYMOUTH,,NZL
VEY,VESTMANNAEYJAR,VESTMANNAEYJAR,,ISL
HZK,HUSAVIK AIRPORT,HUSAVIK,,ISL
BQB,BUSSELTON AIRPT,BUSSELTON,,AUS
LAD,QUATRO DE FEVERI,LUANDA,,AGO
TKD,TAKORADI AIRPORT,TAKORADI,,GHA
ABJ,PORT BOUET APT,ABIDJAN,,CIV
AER,SOCHI INTER APT,SOCHI,,RUE
LAR,LARAMIE AIRPORT,LARAMIE,WY,USA
ELS,EAST LONDON APT,EAST LONDON,,ZAF
CFN,DONEGAL AIPORT,DONEGAL,,IRL
MPM,MAPUTO INTL APT,MAPUTO,,MOZ
PLZ,PORT ELIZABETH,PORT ELIZABETH,,ZAF
RCB,RICHARDS BAY,RICAHRDS BAY,,ZAF
ZNZ,ABEID AMANI,ZANZIBAR CITY,,TZA
BJL,BANJUL INTL,BANJUL,,GMB
LUD,LUDERITZ AIRPORT,LUDERITZ,,NAM
WVB,WALVIS BAY APT,WALVIS BAY,,NAM
MHQ,MARIEHAMN APT,MARIEHAKMN,,FIN
TNR,MARILLAC AIRPORT,TOLANARO,,MDG
FTU,MARILLAC AIRPORT,TOLANARO,,MDG
DAC,SHAHJALA INT APT,DHAKA,,BGD
RKT,RAS AL KHAIMAH,RAS AL KHAIMAH,,ARE
ASJ,AMAMI AIRPORT,AMAMI,,JPN
RVN,ROVANIEMI,ROVANIEMI,,FIN
IVL,IVALO AIRPORT,IVALO,,FIN
LBF,NORTH PLATTE APT,NORTH PLATTE,NE,USA
MMB,MEMANBETSU,HOKKAIDO,,JPN
SYO,SHONAI AIRPORT,SAKATA,,JPN
ISN,SLOULIN FIELD,WILLISTON,ND,USA
ISA,MOUNT ISA AIRPT,MONUT ISA,,AUS
IAS,IASI INT AIRPORT,IASI,,ROM
IQQ,DIEGO ARACENA,IQUIQUE,,CHL
EAR,KEARNEY REGIONAL,KEARNEY,NE,USA
DPO,DEVONPORT AIRPOR,DEVONPORT,,AUS
LFW,TOKOIN INTL,LOME,,TGO
DZA,DZAOUDZI INTL,DZAOUDZI,,FRA
MLO,MILOS AIRPORT,MILOS,,GRC
NLK,NORFOLK AIRPORT,NORFOLK,,AUS
APL,NAMPULA AIRPORT,NAMPULA,,MOZ
ZCO,LA ARAUCANIA,TEMUCO,,CHL
DAR,JULIUS NYERERE,DAR ES SALAAM,,TZA
QTN,SAN ANTONIO,SAN ANTONIO,,CHL
CCP,CARRIEL SUR INTL,CONCEPCION,,CHL
TNJ,RAJA HAJI APT,BINTAN,,IDN
CUE,MARISCAL LAMAR,CUENCA,,ECU
CGI,CAPE GIRARDEAU,CAPE GIRARDEAU,MO,USA
PTJ,PORTLAND AIRPORT,PORTLAND,,AUS
LNY,LANAI AIRPORT,LANAI,HI,USA
ACC,KOTOKA INTL APT,ACCRA,,GHA
NOS,FASCENE AIRPORT,NOSE BE,,MDG
PAE,PAINE FIELD,SEATTLE,WA,USA
JNX,NAXOS ISLAND APT,NAXOS,,GRC
JSY,SYROS NATIONAL,SYROS,,GRC
CAX,CARLISLE,CARLISLE,,GBR
BXG,BENDIGO AIRPORT,GREATER BENDIGO,,AUS
JRS,JERUSALEM,JERUSALEM,,ISR
BKI,KOTA KINABALU,"SABAH, MALAYSIA",,MYS
WRE,WHANGAREI,WHANGAREI AIRPT,,NZL
BLR,KEMPEGOWDA INTL,BENGALURU,,IND
XWA,WILLISTON BASIN,WILLISTON BASIN,ND,USA
KBV,KRABI AIRPORT,KRABI,,THA
LON,SOUTHAMPTON,SOU,,GBR
BNN,BRONNOYSUND,BRONNOYSUND,,NOR
BMA,BROMMA,STOCKHOLM,,SWE
CJA,MAYOR GENERAL,CAJAMARCA,,PER
PBG,PLATTSBURGH INTL,PLATTSBURGH,NY,USA
PGB,XXX,XX,NY,USA
VFA,VICTORIA FALLS,VICTORIA FALLS,,ZWE
LBU,LABUAN INT APT,LABUAN,,MYS
RAF,ASCENCION AIRPT,ASCENCION,,SHN
HLE,ST HELENA ARPT,ST HELENA,,SHN
GRJ,GEORGE AIRPORT,GEORGE,,ZAF
GUR,GURNEY AIRPORT,ALOTAU,,PNG
GMR,TOTEGEGIE,MANGAREVA,,PYF
PVK,AKTION INT'L,PREVEZA,,GRC
KTW,KATOWICE,KATOWICE,,POL
FRO,FLORO AIRPORT,FLORO,,NOR
FAV,FAKARAVA AIRPORT,FAKARAVA,,PYF
USA,CONCORD REGIONAL,CONCORD,NC,USA
QRO,QUERETARO,QUERETARO,,MEX
ECN,ERCAN AIRPORT,ERCAN,,CYP
AZA,PHOENIX-MESA,PHOENIX,AZ,USA
ZAQ,NUREMBERG RAIL,NUREMBERG,,DEU
YZV,SEPT ILES,SEPT ILES,,CAN
SFJ,KANGERLUSSUAQ,KANGERLUSSUAQ,,GRL
QPP,BERLIN CEN TRAIN,BERLIN,,DEU
XIT,LEIPZIG,LEIPZIG,,DEU
XPL,PALMEROLA INT,COMAYAGUA,,HND
JOG,ADISUCIPTO INTL,YOGYAKARTA,,IDN
PLJ,PLACENCIA AIRPOR,PLACNENCIA,,BLZ
MOC,MONTES CLAROS AI,MONTES CLAROS,,BRA
MBL,MANISTEE,MANISTEE,MI,USA
PVU,PROVO MUNICIPAL,PROVO,UT,USA
EBL,ERBIL INTL AIRPT,ERBIL,,IRQ
OAX,OAXACA INTL,OAXACA,,MEX
YIA,YOGYAKARTA INTL,YOGYAKARTA,,IDN
