Port Code,Port Name,Country Code
AAR,"AARHUS, DENMARK",DNK
ACA,"ACAPULCO, MEXICO",MEX
ACE,"LANZAROTE, CANARY ISLANDS",ESP
ADB,"EPHESUS (KUSADASI), TURKEY",TUR
ADR,"ANGRA DOS REIS, BRAZIL",BRA
ADZ,"SAN ANDRES ISLAND, COLOMBIA",COL
AES,"GEIRANGER, NORWAY",NOR
AEY,"AKUREYRI, ICELAND",ISL
AGA,"AGADIR, MOROCCO",MAR
AGP,"MALAGA, SPAIN",ESP
AJA,"AJACCIO, CORSICA, FRANCE",FRA
AKL,"AUCKLAND, NEW ZEALAND",NZL
ALC,"ALICANTE, SPAIN",ESP
ALY,"ALEXANDRIA, EGYPT",EGY
AMS,"AMSTERDAM, NETHERLANDS",NLD
ANU,"ST. JOHNS, ANTIGUA",ATG
AQJ,"AQABA, JORDAN",JOR
ARI,"ARICA, CHILE",CHL
ASD,"JERUSALEM (ASHDOD), ISRAEL",ISR
ASE,AT SEA,USA
AST,"ASTORIA, OREGON",USA
ATC,ARCTIC CIRCLE (CRUISE),NOR
ATH,"ATHENS (PIRAEUS), GREECE",GRC
AUA,"ORANJESTAD, ARUBA",ABW
BCN,"BARCELONA, SPAIN",ESP
BDA,"HAMILTON, BERMUDA",BMU
BEL,"AMAZON RIVER, BRAZIL",BRA
BES,"BREST, FRANCE",FRA
BGI,"BRIDGETOWN, BARBADOS",BRB
BGO,"BERGEN, NORWAY",NOR
BHB,"BAR HARBOR, MAINE",USA
BIL,"BILBAO, SPAIN",ESP
BKK,"BANGKOK/LAEMCHABANG,THAILAND",THA
BNE,"BRISBANE, AUSTRALIA",AUS
BOB,"BORA BORA, FRENCH POLYNESIA",PYF
BOM,"MUMBAI (BOMBAY), INDIA",IND
BON,"KRALENDIJK, BONAIRE",NLD
BOS,"BOSTON, MASSACHUSETTS",USA
BPS,"PORTO SEGURO, BRAZIL",BRA
BRU,"BRUGES,(ZEEBRUGGE),BELGIUM",BEL
BWI,"BALTIMORE, MARYLAND",USA
BWN,"BANDAR SERI BEGAWAN, BRUNEI",BRN
BYO,"BAY OF ISLANDS, NEW ZEALAND",NZL
BZC,"BUZIOS, BRAZIL",BRA
BZE,"BELIZE CITY, BELIZE",BLZ
CAD,"SEVILLE (CADIZ), SPAIN",ESP
CAG,"CAGLIARI,SARDINIA,ITALY",ITA
CAI,"PORT SAID, EGYPT",EGY
CAL,"CALDERA, COSTA RICA",CRI
CAM,"CALICA, MEXICO",MEX
CAN,CANTON (GUANGZHOU). CHINA,CHN
CAR,"PLAYA DEL CARMEN, MEXICO",MEX
CAS,"CASABLANCA, MOROCCO",MAR
CAT,"CATALINA ISLAND, CALIFORNIA",USA
CCA,"COCOCAY, BAHAMAS",BHS
CCC,INVALID - DO NOT USE,DOM
CCD,"CASA DE CAMPO, DOMINICAN REP",DOM
CCS,"CARACAS, VENEZUELA",VEN
CDD,"CATALINA ISLAND, DOM REP",DOM
CEA,CRUISING THE INLAND SEA,JPN
CER,"CHERBOURG, FRANCE",FRA
CEU,"CEUTA, SPANISH MOROCCO",ESP
CFC,COLLEGE FJORD - CRUISING,USA
CFU,"CORFU, GREECE",GRC
CHC,"CHRISTCHURCH, NEW ZEALAND",NZL
CHJ,CHILEAN FJORDS,CHL
CHS,"CHARLESTON, SOUTH CAROLINA",USA
CMB,"COLOMBO, SRI LANKA",LKA
CMM,"PUERTO COSTA MAYA, MEXICO",MEX
CNS,"CAIRNS(YORKEY'S KNOB),AUSTRL",AUS
COK,"COCHIN, INDIA",IND
COP,"COPACABANA BEACH, BRAZIL",BRA
CPH,"COPENHAGEN, DENMARK",DNK
CTA,"CATANIA,SICILY,ITALY",ITA
CTB,"CRISTOBAL PIER, PANAMA",PAN
CTG,"CARTAGENA, COLOMBIA",COL
CTS,"CARTAGENA, SPAIN",ESP
CUN,"CANCUN, MEXICO",MEX
CUR,"WILLEMSTAD, CURACAO",ANT
CZM,"COZUMEL, MEXICO",MEX
DAD,"HUE (DANANG), VIETNAM",VNM
DBS,DOUBTFUL SOUND,NZL
DBV,"DUBROVNIK, CROATIA",HRV
DEL,"DELOS, GREECE",GRC
DKY,DUSKY SOUND,NZL
DOM,"CABRITS, DOMINICA",DMA
DOV,"DOVER, ENGLAND",GBR
DPS,"BALI (PADANG BAY), INDONESIA",IDN
DRW,"DARWIN, AUSTRALIA",AUS
DUB,"DUBLIN, IRELAND",IRL
DUD,"DUNEDIN, NEW ZEALAND",NZL
DVI,"DEVIL'S ISLAND, FR. GUIANA",GUF
DXB,"DUBAI, UNITED ARAB EMIRATES",ARE
EDB,"EDINBURGH, SCOTLAND",GBR
EEM,"EEMSHAVEN, NETHERLANDS",NLD
EID,"EIDFJORD, NORWAY",NOR
EIS,"TORTOLA, B.V.I.",VIR
EKA,"EUREKA, CALIFORNIA",USA
ESE,"ENSENADA, MEXICO",MEX
EYW,"KEY WEST, FLORIDA",USA
EZE,"BUENOS AIRES, ARGENTINA",ARG
FAE,"TORSHAVN, FAROE ISLANDS",DNK
FAI,"FAIRBANKS, ALASKA",USA
FDF,"FORT-DE-FRANCE, MARTINIQUE",MTO
FLK,"PORT STANLEY, FALKLAND IS",GBR
FLL,"FORT LAUDERDALE, FLORIDA",USA
FLM,"FLAM, NORWAY",NOR
FLN,"FLORIANOPOLIS, BRAZIL",BRA
FLR,"FLORENCE/PISA(LIVORNO),ITALY",ITA
FNC,"MADEIRA (FUNCHAL), PORTUGAL",PRT
FNP,FJORDLAND NATIONAL PARK,NZL
FOR,"FORTALEZA, BRAZIL",BRA
FPO,"GRAND BAHAMA ISL, BAHAMAS",BHS
FUA,"FUERTE AMADOR, PANAMA",PAN
GAA,"GRAAVDAL,NORWAY",NOR
GAL,"GALVESTON, TEXAS",USA
GCI,"GUERNSEY, CHANNEL ISLANDS",GBR
GCM,"GEORGE TOWN, GRAND CAYMAN",CYM
GDN,"GDANSK (GDYNIA), POLAND",POL
GDT,"GRAND TURK, TURKS & CAICOS",TCA
GDV,"GUDVANGEN, NORWAY",NOR
GEX,GLACIER EXPERIENCE,USA
GIB,"GIBRALTAR, UNITED KINGDOM",GIB
GIG,"RIO DE JANEIRO, BRAZIL",BRA
GLA,"GLASGOW (GREENOCK), SCOTLAND",GBR
GND,"ST. GEORGE'S, GRENADA",GRD
GNP,"GLACIER BAY NAT'L PARK, AK",USA
GOA,"GENOA, ITALY",ITA
GOI,"GOA (MORMUGAO), INDIA",IND
GOT,"GOTHENBURG, SWEDEN",SWE
GRA,"GRAYS HARBOR, WASHINGTON",USA
GYT,"GYTHION, GREECE",GRC
HAM,"HAMBURG, GERMANY",DEU
HBA,"HOBART, TASMANIA",AUS
HDR,"ISLA DE ROATAN, HONDURAS",HND
HDY,"HARDY REEF, GREAT BARRIER RF",AUS
HEG,"HELSINGBORG, SWEDEN",SWE
HEL,"HELSINKI, FINLAND",FIN
HER,"HERAKLION (IRAKLION), CRETE",GRC
HFA,"HAIFA, ISRAEL",ISR
HKG,"HONG KONG, CHINA",HKG
HKP,"LAHAINA, MAUI, HAWAII",USA
HKT,"PHUKET, THAILAND",THA
HNE,"CAPE HORN, CHILE",CHL
HNL,"HONOLULU, OAHU, HAWAII",USA
HNS,"HAINES, ALASKA",USA
HOU,"HOUSTON, TEXAS",USA
HRG,"SAFAGA, EGYPT",EGY
HSY,"HELLESYLT, NORWAY",NOR
HTI,"HAMILTON ISLAND, WHITSUNDAYS",AUS
HUX,"HUATULCO, MEXICO",MEX
HVG,"HONNINGSVAG, NORWAY",NOR
IBI,"IBIZA, SPAIN",ESP
ILH,"ILHABELA, BRAZIL",BRA
ILS,"ILHEUS, BRAZIL",BRA
INV,INVERNESS/LOCH NESS SCOTLAND,GBR
ISP,INSIDE PASSAGE (CRUISING),USA
IST,"ISTANBUL, TURKEY",TUR
ITO,"HILO, HAWAII",USA
IXZ,"PORT BLAIR, ANDAMAN IS.",IND
JAX,"JACKSONVILLE, FLORIDA",USA
JCA,"CANNES, FRANCE",FRA
JER,"ST. PETER PORT, CHANNEL ISL",GBR
JIB,DJIBOUTI,DJI
JMK,"MYKONOS, GREECE",GRC
JNU,"JUNEAU, ALASKA",USA
JTR,"SANTORINI, GREECE",GRC
KAT,"OLYMPIA (KATAKOLON), GREECE",GRC
KEL,"KIEL CANAL, GERMANY",DEU
KOA,"KAILUA KONA, HAWAII",USA
KRS,"KRISTIANSAND, NORWAY",NOR
KTN,"KETCHIKAN, ALASKA",USA
KUL,"KUALA LUMPUR, MALAYSIA",MYS
KWB,"ROYAL NAVAL DOCKYARD,BERMUDA",BMU
LAB,"LABADEE, HAITI",HTI
LAG,"LA GUAIRA, VENEZUELA",VEN
LAX,"LOS ANGELES, CALIFORNIA",USA
LCG,"LA CORUNA, SPAIN",ESP
LED,"ST. PETERSBURG, RUSSIA",RUE
LEH,"PARIS (LE HAVRE), FRANCE",FRA
LGW,"HARWICH, ENGLAND",GBR
LHR,LONDON HEATHROW,GBR
LIH,"PORT ALLEN, KAUAI, HAWAIIAN",USA
LIM,"LIMA, (CALLAO) PERU",PER
LIS,"LISBON, PORTUGAL",PRT
LPL,"LIVERPOOL, ENGLAND",GBR
LRH,"BORDEAUX(LA ROCHELLE),FRANCE",FRA
LTT,"ST.TROPEZ, FRANCE",FRA
LWK,"LERWICK/SHETLAND, SCOTLAND",GBR
LYR,"LONGYEARBYEN,NORWAY",NOR
MAE,STRAIT OF MAGELLAN,CHL
MAG,MARINELLI GLACIER (CHILE),CHL
MAH,"MAHON,MENORCA,SPAIN",ESP
MAN,"MANZANILLO, MEXICO",MEX
MAY,"MAYREAU, GRENADINES",VCT
MBA,"MOMBASA, KENYA",KEN
MBJ,"MONTEGO BAY, JAMAICA",JAM
MCM,"MONTE CARLO, MONACO",MCO
MCT,"MUSCAT, OMAN",OMN
MDB,"MAGDALENA BAY,NORWAY",NOR
MEC,"MANTA, ECUADOR",ECU
MEL,"MELBOURNE, AUSTRALIA",AUS
MFN,"MILFORD SOUND, NEW ZEALAND",NZL
MIA,"MIAMI, FLORIDA",USA
MIN,"MINDELO, CAPE VERDE",CPV
MIR,MISSISSIPPI(SCENIC CRUISING),USA
MKK,"KAUNAKAKAI, MOLOKAI, HAWAII",USA
MLA,"VALLETTA, MALTA",MLT
MNL,"MANILA, PHILIPPINES",PHL
MOL,"MOLDE, NORWAY",NOR
MOZ,"MOOREA, FRENCH POLYNESIA",PYF
MRS,"PROVENCE(MARSEILLE), FRANCE",FRA
MRY,"MONTEREY, CALIFORNIA",USA
MSY,"NEW ORLEANS, LOUISIANA",USA
MVD,"MONTEVIDEO, URUGUAY",URY
MZT,"MAZATLAN, MEXICO",MEX
NAP,"NAPLES, ITALY",ITA
NAS,"NASSAU, BAHAMAS",BHS
NAW,"KAUAI (NAWILIWILI), HAWAII",USA
NBL,"SAN BLAS ISLANDS, PANAMA",PAN
NCE,"NICE (VILLEFRANCHE), FRANCE",FRA
NDL,"ANDALSNES, NORWAY",NOR
NGB,"NINGBO, CHINA",CHN
NGS,"NAGASAKI, JAPAN",JPN
NHA,"NHA TRANG, VIETNAM",VNM
NIC,"NICE, FRANCE",FRA
NKG,"NANJING, CHINA",CHN
NOF,"NORFOLK, VIRGINIA",USA
NPE,"NAPIER, NEW ZEALAND",NZL
NPL,"NAPALI COAST, KAUAI, HAWAII",USA
NPR,"NEWPORT, RHODE ISLAND",USA
NRT,"TOKYO, JAPAN",JPN
NVN,"NAFPLIO, GREECE",GRC
NYC,"NEW YORK, NEW YORK",USA
OCJ,"OCHO RIOS, JAMAICA",JAM
OGG,"KAHULUI, MAUI, HAWAIIAN IS.",USA
OLB,"OLBIA, SARDINIA, ITALY",ITA
OLN,"OLDEN, NORWAY",NOR
ONX,"COLON, PANAMA",PAN
ORK,"CORK (COBH), IRELAND",IRL
ORN,CRUISING ORINOCO RIVER,VEN
OSA,"OSAKA, JAPAN",JPN
OSL,"OSLO, NORWAY",NOR
PAM,"LA PALMA, CANARY ISLANDS",ESP
PAP,INVALID FOR LABADEE HAITI,HTI
PAT,"PATMOS, GREECE",GRC
PCN,"ORLANDO (PORT CANAVERAL), FL",USA
PCR,"PUERTO CALDERA, COSTA RICA",CRI
PDL,"PONTA DELGADA, AZORES",PRT
PDP,"PUNTA DEL ESTE, URUGUAY",URY
PEK,"BEIJING, CHINA",CHN
PEN,"PENANG, MALAYSIA",MYS
PHF,"NEWPORT NEWS, VA-MARINE TERM",USA
PHL,"PHILADELPHIA, PENNSYLVANIA",USA
PLC,"GRAN CANARIA, CANARY ISLANDS",ESP
PLH,"PLYMOUTH, ENGLAND",GBR
PMC,"PUERTO MONTT, CHILE",CHL
PMI,"PALMA DE MALLORCA, SPAIN",ESP
PMO,"SICILY (PALERMO),ITALY",ITA
PMV,"MARGARITA ISLAND, VENEZUELA",VEN
PMY,"PUERTO MADRYN, ARGENTINA",ARG
POS,"PORT OF SPAIN, TRINIDAD",TTO
POT,"PORT ANTONIO, JAMAICA",JAM
PPT,"PAPEETE,TAHITI,FR.POLYNESIA",PYF
PRI,"PRASLIN, SEYCHELLES",SYC
PRO,"YUCATAN (PROGRESO), MEXICO",MEX
PRT,"PUERTO LIMON, COSTA RICA",CRI
PRU,"PRINCE RUPERT, B.C.",CAN
PSG,MISTY FJORDS (CRUISING),USA
PSO,"ICY STRAIT POINT, ALASKA",USA
PTB,"PORTO BELO, BRAZIL",BRA
PTF,"PORTOFINO, ITALY",ITA
PTP,"POINTE A PITRE, GUADELOUPE",GLP
PTY,PANAMA CANAL (CRUISING),PAN
PTZ,"PICTON, NEW ZEALAND",NZL
PUQ,"PUNTA ARENAS, CHILE",CHL
PVR,"PUERTO VALLARTA, MEXICO",MEX
PWM,"PORTLAND, MAINE",USA
PZO,"PUERTO ORDAZ, VENEZUELA",VEN
QLI,"LIMASSOL, CYPRUS",CYP
REC,"RECIFE, BRAZIL",BRA
REG,"SICILY (MESSINA), ITALY",ITA
REK,"REYKJAVIK, ICELAND",ISL
RHO,"RHODES, GREECE",GRC
RIX,"RIGA, LATVIA",LVA
ROM,"ROME (CIVITAVECCHIA), ITALY",ITA
ROS,"ROSEAU, DOMINICA",DMA
RTB,"ROATAN, HONDURAS",HND
RTK,"PORT KLANG, MALAYSIA",MYS
SAN,"SAN DIEGO, CALIFORNIA",USA
SCP,SUEZ CANAL (PASSAGE),EGY
SDQ,"SANTO DOMINGO, DOM REP",DOM
SEA,"SEATTLE, WASHINGTON",USA
SEL,SEOUL(PYEONGTAEK)SOUTH KOREA,KOR
SEZ,"VICTORIA, SEYCHELLES",SYC
SFO,"SAN FRANCISCO, CALIFORNIA",USA
SGI,"ST. GEORGE ISLAND, BERMUDA",BMU
SGN,"HO CHI MINH CITY, VIETNAM",VNM
SGY,"SKAGWAY, ALASKA",USA
SHA,"SHANGHAI, CHINA",CHN
SIN,"SINGAPORE, SINGAPORE",SGP
SIT,"SITKA, ALASKA",USA
SJD,"CABO SAN LUCAS, MEXICO",MEX
SJF,"ST. JOHN, U.S.VIRGIN ISLANDS",VIR
SJN,"SAN JUAN DEL SUR, NICARAGUA",NIC
SJO,"PUNTARENAS, COSTA RICA",CRI
SJU,"SAN JUAN, PUERTO RICO",PRI
SKA,"SKARSVAG,NORWAY",NOR
SKB,"BASSETERRE, ST KITTS & NEVIS",KNA
SLL,"SALALAH, OMAN",OMN
SLU,"CASTRIES, ST. LUCIA",LCA
SLZ,"SAO LUIS, BRAZIL",BRA
SNB,"SANTA BARBARA, CALIFORNIA",USA
SRG,"BOROBUDUR, INDONESIA",IDN
SRI,"BANGKOK (SRIRACHA), THAILAND",THA
SSA,"SALVADOR DE BAHIA, BRAZIL",BRA
SSH,"SHARM EL SHEIKH, EGYPT",EGY
SSZ,"SAO PAULO (SANTOS), BRAZIL",BRA
STB,"GUSTAVIA, ST. BARTS",FRA
STG,SVARTISEN GLACIER,NOR
STH,"SOUTHAMPTON, ENGLAND",GBR
STN,USE SNR CODE FOR ST.NAZAIRE,FRA
STO,"STOCKHOLM, SWEDEN",SWE
STT,"CHARLOTTE AMALIE, ST. THOMAS",VIR
STX,"ST. CROIX, U.S.V.I.",VIR
SUB,"SURABAYA, INDONESIA",IDN
SVG,"STAVANGER, NORWAY",NOR
SVN,"SAVONA, ITALY",ITA
SWD,"SEWARD, ALASKA",USA
SXM,"PHILIPSBURG, ST. MAARTEN",ANT
SYD,"SYDNEY, AUSTRALIA",AUS
TAB,"SCARBOROUGH, TOBAGO",TTO
TCI,"TENERIFE, CANARY ISLANDS",ESP
TDF,TIERRA DEL FUEGO,CHL
TFJ,TRACY ARM FJORDS & GLACIER,USA
TGK,"SONGKHLA, THAILAND",THA
THF,"BERLIN (ROSTOCK), GERMANY",DEU
TKU,TURKU,FIN
TLL,"TALLINN, ESTONIA",EST
TLN,"PROVENCE (TOULON), FRANCE",FRA
TNG,"TANGIER, MOROCCO",MAR
TOS,"TROMSO, NORWAY",NOR
TPA,"TAMPA, FLORIDA",USA
TRD,"TRONDHEIM, NORWAY",NOR
TRG,"TAURANGA,NEW ZEALAND",NZL
TSN,"BEIJING (TIANJIN), CHINA",CHN
TUN,"TUNIS, TUNISIA",TUN
ULV,"ULVIK, NORWAY",NOR
URO,"PARIS (ROUEN), FRANCE",FRA
USH,"USHUAIA, ARGENTINA",ARG
VAP,"VALPARAISO, CHILE",CHL
VBY,"VISBY, SWEDEN",SWE
VCE,"VENICE, ITALY",ITA
VDZ,"VALDEZ, ALASKA",USA
VGO,"VIGO, SPAIN",ESP
VTG,"HO CHI MINH(VUNGTAU),VIETNAM",VNM
WLG,"WELLINGTON, NEW ZEALAND",NZL
WRG,"WRANGELL, ALASKA",USA
XJT,"KO SAMUI, THAILAND",THA
XMN,"XIAMEN, CHINA",CHN
XSB,"ST. MALO, FRANCE",FRA
YAJ,HUBBARD GLACIER - DO NOT USE,USA
YAK,HUBBARD GLACIER (CRUISING),USA
YBG,SAGUENAY RIVER,CAN
YBL,"CAMPBELL RIVER, B.C.",CAN
YDF,"CORNER BROOK, NEWFOUNDLAND",CAN
YHZ,"HALIFAX, NOVA SCOTIA",CAN
YNT,"YANTAI, CHINA",CHN
YQB,"QUEBEC CITY, QUEBEC",CAN
YQY,"SYDNEY, NOVA SCOTIA",CAN
YRC,YANGTZE RIVER (CRUISING),CHN
YSJ,"SAINT JOHN,NB (BAY OF FUNDY)",CAN
YVJ,"VICTORIA, BRITISH COLUMBIA",CAN
YVR,"VANCOUVER, BRITISH COLUMBIA",CAN
YYT,"ST.JOHN'S, NEWFOUNDLAND",CAN
ZHA,"ZHENJIANG, CHINA",CHN
ZIH,"IXTAPA (ZIHUATANEJO), MEXICO",MEX
ZWD,"BERLIN (WARNEMUNDE), GERMANY",DEU
TAO,"GIARDINI NAXOS TAORMINA, ITA",ITA
BAL,BALTRA (GALAPAGOS),ECU
NSY,NORTH SEYMOUR ISLAND,ECU
CBR,CERRO BRUJO (SAN CRISTOBAL),ECU
PUN,"SUAREZ POINT, (ESPAÑOLA)",ECU
CDR,CERRO DRAGON (SANTA CRUZ),ECU
BAR,BARTOLOME ISLAND,ECU
CET,TAGUS COVE (ISABELA),ECU
PUE,"ESPINOZA POINT, (FERNANDINA)",ECU
PGA,EGAS PORT,ECU
RAB,RABIDA  (GALAPAGOS),ECU
PTO,BAHIA POST OFFICE (FLOREANA),ECU
PTA,PUERTO AYORA (SANTA CRUZ),ECU
ALN,"ALESUND, NORWAY",NOR
BYE,"CAPE LIBERTY, NJ (NY METRO)",USA
RHA,"PRAIA DA ROCHA, PORTUGAL",PRT
RSL,"RESOLUTE, CANADA",CAN
LSD,LANCASTER SOUND/DUNDAS HARB,CAN
CGS,COBURG ISLAND,CAN
MER,SMITH SOUND/ELLESMERE ISLAND,CAN
QAA,"THULE (QAAMAAQ), GREENLAND",GRL
YRK,CAPE YORK,CAN
BYT,BYLOT ISLAND,CAN
BYS,BEECHEY ISLAND,CAN
DPG,DRAKE PASSAGE,ATA
APH,"ELEPHANT ISLAND, ANTARCTICA",ATA
ARC,ANTARCTIC SOUND/PENINSULA,ATA
ETL,SOUTH SHETLAND ISLAND,ATA
MVY,"MARTHA'S VINEYARD, MASS",USA
PAR,"PARATI, BRAZIL",BRA
VIT,"VITORIA, BRAZIL",BRA
NAN,"NANAIMO, BRITISH COLUMBIA",CAN
BFT,"BELFAST, NORTHERN IRELAND",IRL
KLA,"KLAIPEDA, LITHUANIA",LTU
SCC,PUERTO BAQUERIZO (CRISTOBAL),ECU
LSB,"LAS BACHAS, (SANTA CRUZ)",ECU
VER,"VERACRUZ, MEXICO",MEX
FSP,ST. PIERRE MIQUELON,FRA
OTT,"OTTAWA, CANADA",CAN
KBA,KANE BASIN,CAN
WSE,WEDDELL SEA,ARG
VLC,"VALENCIA, SPAIN",ESP
CNR,"CONSTANTA, ROMANIA",ROM
ODU,"ODESSA, UKRAINE",UKR
SPU,"SPLIT, CROATIA",HRV
TRS,"TRIESTE, ITALY",ITA
SVD,"KINGSTOWN, ST. VINCENT",VCT
YYG,"CHARLOTTETOWN, P.E.I.",CAN
CRU,CRUISING,USA
BFS,BOSPHORUS STRAIT (CRUISING),TUR
CPF,CORMORANT POINT (FLOREANA),ECU
BOF,BARONESS OUTLOOK (FLOREANA),ECU
EBI,ELIZABETH BAY (ISABELA),ECU
HLY,"HOLYHEAD, WALES",GBR
ALF,"ALTA, NORWAY",NOR
KOI,"KIRKWALL, SCOTLAND",GBR
EVS,MOUNT KILAUEA,USA
FAM,"CORNWALL (FALMOUTH), ENGLAND",GBR
RTM,"ROTTERDAM, NETHERLANDS",NLD
YBC,"BAIE-COMEAU, CANADA",CAN
MAZ,"MAYAGUEZ, PUERTO RICO",PRI
PUJ,"SAMANA, DOMINICAN REPUBLIC",DOM
TAP,"PUERTO CHIAPAS, MEXICO",MEX
DRH,DRAGON HILL (SANTA CRUZ),ECU
MOB,"MOBILE, ALABAMA",USA
NTL,"NEWCASTLE, AUSTRALIA",AUS
RAR,"RAROTONGA, COOK ISLANDS",COK
CXI,"FANNING ISLAND, KIRIBATI",KIR
CFB,"CABO FRIO, BRAZIL",BRA
XID,INTERNATIONAL DATELINE,TON
VWI,"VOLCANIC WHITE ISLAND, N.Z.",NZL
COW,"LA SERENA (COQUIMBO), CHILE",CHL
FJI,"LAUTOKA, FIJI",FJI
IBT,"IMBITUBA,BRAZIL - NO DEBARK",BRA
CDX,"CID HARBOUR, AUSTRALIA",AUS
KOS,"SIHANOUKVILLE, CAMBODIA",KHM
SYX,"SANYA, CHINA",CHN
SUV,"SUVA, FIJI",FJI
KDX,"KOMODO, INDONESIA",IDN
KKS,KRAKATOA VOLCANO (CRUISING),IDN
LMK,"LOMBOK, INDONESIA",IDN
UVE,"OUVEA(WADRILLA),LOYALTY ISL.",NCL
FUK,"FUKUOKA, JAPAN",JPN
KOJ,"KAGOSHIMA, JAPAN",JPN
OKA,"OKINAWA, JAPAN",JPN
YOK,"TOKYO (YOKOHAMA), JAPAN",JPN
LGK,"LANGKAWI, MALAYSIA",MYS
ILP,"ISLE OF PINES, NEW CALEDONIA",NCL
NOU,"NOUMEA, NEW CALEDONIA",NCL
CJU,"JEJU ISLAND, SOUTH KOREA",KOR
PUS,"BUSAN, SOUTH KOREA",KOR
KHH,"KAOHSIUNG, TAIWAN, CHINA",TWN
TPE,"TAIPEI(KEELUNG),TAIWAN,CHINA",TWN
VLI,"VILA, VANUATU",VUT
HPH,"HANOI (HAIPHONG), VIETNAM",VNM
SMR,"SANTA MARTA, COLOMBIA",COL
STM,"SANTAREM, BRAZIL",BRA
BDV,"BOCA DA VALERIA, BRAZIL",BRA
MNS,"MANAUS, BRAZIL",BRA
PIN,"PARINTINS, BRAZIL",BRA
BLM,"BELEM, BRAZIL",BRA
NVT,"ITAJAI, BRAZIL",BRA
RNX,"CAMARONES, ARGENTINA",ARG
CRD,"COMODORO RIVADAVIA,ARGENTINA",ARG
PNT,"PUERTO NATALES, CHILE",CHL
PCH,"PUERTO CHACABUCO, CHILE",CHL
ZAL,VALDIVIA(PUERTO CORRAL)CHILE,CHL
DCI,"DECEPTION ISLAND, ANTARCTICA",ATA
CRN,"CORONATION ISLAND,ANTARCTICA",ATA
ZUD,"ANCUD, CHILE",CHL
MCA,"MACAPA, BRAZIL  - NO DEBARK",BRA
BBR,"BASSE-TERRE, GUADELOUPE",GLP
VIJ,"VIRGIN GORDA, B.V.I.",VGB
PSE,"PONCE, PUERTO RICO",PRI
MNI,"PLYMOUTH, MONTSERRAT",MSR
SAO,"ST.TOMAS DE CASTILLA,GUATEM.",GTM
BOC,"BOCAS DEL TORO, PANAMA",PAN
NDX,"FALMOUTH, ANTIGUA",ATG
SIP,"YALTA, UKRAINE",UKR
BNO,"BONIFACIO, CORSICA",FRA
RRO,"SORRENTO, ITALY",ITA
PRC,"OLBIA (PORTO CERVO), ITALY",ITA
MNP,"MONOPOLI, ITALY",ITA
RAN,"BOLOGNA (RAVENNA), ITALY",ITA
STE,"SETE, FRANCE",FRA
JKH,"CHIOS, GREECE",GRC
CKZ,"CANAKKALE (KEPEZ), TURKEY",TUR
BXN,"BODRUM, TURKEY",TUR
FYE,"FETHIYE, TURKEY",TUR
AYT,"ANTALYA, TURKEY",TUR
SIC,"SINOP, TURKEY",TUR
UKS,"SEVASTOPOL, UKRAINE",UKR
VAR,"VARNA, BULGARIA",BGR
DPH,"DELPHI (ITEA), GREECE",GRC
SKG,"THESSALONIKI, GREECE",GRC
GIJ,"GIJON, SPAIN",ESP
LVR,"ATHENS (LAVRION), GREECE",GRC
BRI,"BARI, ITALY",ITA
MKZ,"MALACCA, MALAYSIA",MYS
HIJ,"HIROSHIMA, JAPAN",JPN
ICN,"SEOUL (INCHEON),SOUTH KOREA",KOR
DAL,"DALIAN, CHINA",CHN
KOP,"KOPER, SLOVENIA",SVN
LEI,"ALMERIA, SPAIN",ESP
BOD,"BORDEAUX, FRANCE",FRA
SCR,"SCRABSTER, SCOTLAND",GBR
OBN,"OBAN, SCOTLAND",GBR
PCI,"PHILLIP ISLAND, AUSTRALIA",AUS
KIL,"KIEL, GERMANY",DEU
GRN,"LONDON (GREENWICH), UK",GBR
AKA,"AKAROA, NEW ZEALAND",NZL
CXM,"CHRISTMAS ISLAND, KIRIBATI",KIR
LON,"LONDON (TOWER BRIDGE),UK",GBR
LTH,"EDINBURGH (LEITH),SCOTLAND",GBR
FRE,"PERTH (FREMANTLE), AUSTRALIA",AUS
PUV,"POUM, NEW CALEDONIA",NCL
VUV,"LUGANVILLE, VANUATU",VUT
CNW,"CAIRNS, AUSTRALIA",AUS
PTI,"PORT DOUGLAS, AUSTRALIA",AUS
CTN,"COOKTOWN, AUSTRALIA",AUS
WIL,"WILLIS ISLAND(CRUISING), AUS",AUS
ART,"PORT ARTHUR, TASMANIA",AUS
BWT,"BURNIE, TASMANIA",AUS
POM,"PORT MORESBY,PAPUA NEW GUINE",PNG
BME,"BROOME, AUSTRALIA",AUS
EXM,"EXMOUTH, AUSTRALIA",AUS
LIF,"LIFOU, LOYALTY ISLAND",NCL
UKB,"KOBE, JAPAN",JPN
GON,"NEW LONDON, CONNECTICUT",USA
MLC,"MELCHIOR ISLAND, ANTARCTICA",ATA
GLO,"GLOUCESTER, MASSACHUSETTS",USA
HAN,"HANOI (HALONG BAY),VIETNAM",VNM
TRV,"LUBECK (TRAVEMUNDE), GERMANY",DEU
CAO,"CAYO LEVANTADO (SAMANA),D.R.",DOM
BUY,"BUNBURY, AUSTRALIA",AUS
ALH,"ALBANY, AUSTRALIA",AUS
ADL,"ADELAIDE, AUSTRALIA",AUS
NPT,"UNKNOWN, IN ERROR",USA
CPT,"CAPE TOWN, SOUTH AFRICA",ZAF
RFP,"RAIATEA, FRENCH POLYNESIA",PYF
EES,ENSENADA - NO DISEMBARKATION,MEX
GUA,"PUERTO QUETZAL,GUATEMALA",GTM
MGO,"MARIGOT, SAINT MARTIN",ANT
CHA,"HUE/DANANG(CHAN MAY),VIETNAM",VNM
LSP,FLORENCE/PISA(LASPEZIA)ITALY,ITA
LRM,"LA ROMANA,DOMINICAN REPUBLIC",DOM
ANR,"ANTWERP, BELGIUM",BEL
RKD,"ROCKLAND, MAINE",USA
MRB,"MARLBOROUGH SOUNDS, NZ",NZL
ZAD,"ZADAR, CROATIA",HRV
KTR,"KOTOR, MONTENEGRO",MNE
VOL,"VOLOS, GREECE",GRC
AFP,"AMALFI, ITALY",ITA
ISA,"ISAFJORDUR, ICELAND",ISL
WAT,"WATERFORD, IRELAND",IRL
DTM,"DARTMOUTH, UNITED KINGDOM",GBR
UTB,"UBATUBA, BRAZIL",BRA
SDZ,"SARANDE, ALBANIA",ALB
BQU,"BEQUIA, THE GRENADINES",VCT
OPO,"PORTO (LEIXOES), PORTUGAL",PRT
UBT,"UBATUBA, BRAZIL",BRA
CTT,CRISTOBAL TOUR PICK-UP ONLY,PAN
FTM,INVALID PORT CODE,JAM
GES,GERLACHE STRAIT,ATA
PDB,"PARADISE BAY, ANTARCTICA",ATA
FMT,"FALMOUTH, JAMAICA",JAM
PPG,"PAGO PAGO, AMERICAN SAMOA",WSM
APW,"APIA, SAMOA",ASM
BMT,"BANGKOK(KLONG TOEY),THAILAND",THA
IGD,"ILHA GRANDE, BRAZIL",BRA
MYS,"MYSTERY ISLAND, VANUATU",VUT
CPB,"CHAMPAGNE BAY, VANUATU",VUT
FJR,"FUJAIRAH,UNITED ARAB EMIRAT.",ARE
AUH,"ABU DHABI,UNITED ARAB EMIR.",ARE
BAH,"BAHRAIN, BAHRAIN",BHR
UBI,URVINA BAY (ISABELA),ECU
KKR,KICKER ROCK (SAN CRISTOBAL),ECU
XIP,ALASKA INSIDE PASSAGE,USA
WSY,"AIRLIE BEACH, QLD, AUSTRALIA",AUS
HUN,"HUALIEN, TAIWAN, CHINA",TWN
TXG,"TAICHUNG, TAIWAN, CHINA",TWN
BIA,"BASTIA, CORSICA",FRA
KOR,"KORCULA, CROATIA",HRV
CHQ,"CHANIA (SOUDA),CRETE, GREECE",GRC
JSI,"SKIATHOS, GREECE",GRC
ZTH,"ZAKYNTHOS, GREECE",GRC
LPZ,"LA PAZ, MEXICO",MEX
TOP,"TOPOLOBAMPO, MEXICO",MEX
GYM,"GUAYMAS,MEXICO",MEX
LOR,"LORETO, MEXICO",MEX
QIN,"QINGDAO, CHINA",CHN
HKD,"HAKODATE, JAPAN",JPN
OAU,"OTARU, JAPAN",JPN
VVO,"VLADIVOSTOK, RUSSIA",RUE
MZK,"MIYAZAKI (HOSOSHIMA), JAPAN",JPN
NGO,"NAGOYA, JAPAN",JPN
LEO,"NORMANDY (LE HAVRE), FRANCE",FRA
HFW,"VICTORIA HBR,HONG KONG,CHINA",HKG
SNO,"AMALFI COAST (SALERNO),ITALY",ITA
IZM,"IZMIR, TURKEY",TUR
SOU,"SOUSSE, TUNISIA",TUN
DRY,DRY-DOCK (LOCATION VARIES),USA
BDS,"BRINDISI, ITALY",ITA
YGX,"YONGXING/WOODY ISLAND, CHINA",CHN
LCY,"LONDON (TILBURY), UK",GBR
HAK,"HAIKOU, CHINA",CHN
SKM,"SAKAIMINATO, JAPAN",JPN
STR,"SANTANDER, SPAIN",ESP
IJM,"AMSTERDAM(IJMUIDEN),NETHER.",NLD
LSS,"ILES DES SAINTES, GUADELOUPE",GLP
NEX,DO NOT USE - WRONG CODE,BGR
NES,"NESSEBAR, BULGARIA",BGR
HLO,"HALONG BAY, VIETNAM",VNM
EBA,"ELBA (PORTOFERRAIO), ITALY",ITA
NRF,"NORMAN REEF, AUSTRALIA",AUS
BJR,"BOCA DE JARI, BRAZIL",BRA
ANJ,"ANAVILHANAS ARCHIPELAGO,BRZL",BRA
HVA,"HVAR, CROATIA",HRV
PFO,"PAPHOS, CYPRUS",CYP
SUZ,"SUEZ, EGYPT",EGY
CLY,"CALVI, CORSICA",FRA
SNY,"SANARY SUR MER, FRANCE",FRA
ZJZ,"ST. JEAN DE LUZ, FRANCE",FRA
KGS,"KOS, GREECE",GRC
PAS,"PAROS, GREECE",GRC
MJT,"LESVOS (MITILINI), GREECE",GRC
MAA,"MADRAS (CHENNAI), INDIA",IND
PCG,PEUCANG ISLAND (UJUNG KULON),IDN
SEM,"SEMARANG, INDONESIA",IDN
BOA,"BENOA, BALI, INDONESIA",IDN
BPN,"BALIKPAPAN(BORNEO),INDONESIA",IDN
PPO,"PALOPO (SULAWESI), INDONESIA",IDN
ETH,"EILAT, ISRAEL",ISR
SML,"SANTA MARGHERITA, ITALY",ITA
TPS,"TRAPANI, SICILY",ITA
SIR,"SIRACUSA, SICILY",ITA
MOT,"GRANADA (MOTRIL), SPAIN",ESP
PAL,"PALAMOS, SPAIN",ESP
NEV,"CHARLESTOWN, NEVIS",KNA
PBM,"PARAMARIBO, SURINAME",SUR
MMR,"MARMARIS, TURKEY",TUR
SOK,"SOKHNA, EGYPT",EGY
AEG,"AEGINA, GREECE",GRC
PRM,"PORTIMAO, PORTUGAL",PRT
LKN,"LEKNES (LOFOTEN), NORWAY",NOR
GET,"GERALDTON, AUSTRALIA",AUS
DEN,"DENARAU, FIJI",FJI
NML,"NEW MANGALORE, INDIA",IND
NAT,"NATAL, BRAZIL",BRA
EPR,"ESPERANCE, AUSTRALIA",AUS
ADO,"ALTER DO CHAO, BRAZIL",BRA
MID,MERIDA REJON,MEX
FDN,"FERNANDO DE NORONHA, BRAZIL",BRA
MAC,"MACEIO, BRAZIL",BRA
ALA,"ALANYA, TURKEY",TUR
FRO,"FERROL, SPAIN",ESP
ACS,ARCTIC CIRCLE (CROSSING),NOR
BAO,"SHANGHAI (BAOSHAN), CHINA",CHN
BPU,"BEPPU, JAPAN",JPN
PHU,"HO CHI MINH(PHU MY), VIETNAM",VNM
AOJ,"AOMORI, JAPAN",JPN
OSQ,"OSAKA, JAPAN - DO NOT USE",JPN
SFS,"SAO FRANCISCO DO SUL, BRAZIL",BRA
JAG,"JAGUANUM ISLAND, BRAZIL",BRA
SLN,"SKJOLDEN, NORWAY",NOR
KVI,"KLAKSVIK, FAROE ISLANDS",DNK
PRJ,"CAPRI, ITALY",ITA
SVQ,"SEVILLE, SPAIN",ESP
BOR,BAY OF RIO (CRUISING),BRA
PTL,"PORTLAND, DORSET, UK",GBR
MAD,"MAHDIA, TUNISIA",TUN
TIP,"TRIPOLI, LIBYA",LBY
KHO,"AL KHUMS, LIBYA",LBY
RNN,"RONNE, BORNHOLM, DENMARK",DNK
TSO,"ISLES OF SCILLY, UK",GBR
SKN,"SKAGEN, DENMARK",DNK
SFR,"SOUFRIERE, ST. LUCIA",LCA
BLL,"BELLE ISLE, FRANCE",FRA
PRW,"PORTOVENERE, ITALY",ITA
RGN,"YANGON (RANGOON), MYANMAR",MMR
PSJ,"PASAJES, SPAIN",ESP
SKL,ISLE OF SKYE(PORTREE)SCOTLND,GBR
IVG,"INVERGORDON, SCOTLAND",GBR
VLL,"FLUSHING(VLISSINGEN), NLD",NLD
MLE,"MALE, MALDIVES",MDV
GLE,"GALLE, SRI LANKA",LKA
MLD,"MOLDE, NORWAY",NOR
RGI,"RANGIROA, FRENCH POLYNESIA",PYF
HYD,"HYDRA, GREECE",GRC
MRP,"MARINA DE CAMPO, ELBA, ITALY",ITA
FUE,"FUERTEVENTURA, CANARY",ESP
YGP,"GASPE, CANADA",CAN
DAP,DAPHNE ISLAND,ECU
GRB,GARDNER BAY (ESPAÑOLA),ECU
MNO,MORENO POINT (ISABELA),ECU
VRP,VICENTE ROCA POINT (ISABELA),ECU
SPL,SOUTH PLAZA (SANTA CRUZ),ECU
SFE,SANTA FE ISLAND,ECU
MGL,MANGLE POINT (FERNANDINA),ECU
SLV,SULLIVAN BAY (SANTIAGO),ECU
HED,"PORT HEDLAND, AUSTRALIA",AUS
ECL,SOLAR ECLIPSE (CRUISING),FJI
ISG,"ISHIGAKI, JAPAN",JPN
PEM,"PORTO EMPEDOCLE,SICILY,ITALY",ITA
MDA,"LA MADDALENA, CERDEÑA, ITALY",ITA
SCD,"SCHOLLART CHANNEL,ANTARCTICA",ATA
CDZ,"CADIZ, SPAIN",ESP
MDI,"MAHDIA, TUNISIA - DO NOT USE",TUN
SAG,"SAGUENAY, QUEBEC, CANADA",CAN
PET,"PETROPAVLOVSK, RUSSIA",RUE
RAI,"PRAIA, CAPE VERDE",CPV
ZHO,"ZHOUSHAN, CHINA",CHN
JIN,"JINHAE, SOUTH KOREA",KOR
GPM,"GEORGETOWN, PENANG, MALAYSIA",MYS
AMA,"AMASRA (SAFRANBOLU), TURKEY",TUR
GUR,GUADALQUIVIR RIVER,ESP
NOV,"NOVOROSSIYSK, RUSSIA",RUE
KAS,"KAS,(TURQUOISE COAST),TURKEY",TUR
OPA,"OPATIJA, CROATIA",HRV
FIS,"FISKARDO, CEPHALONIA, GREECE",GRC
SUM,"BELAWAN, SUMATRA, INDONESIA",IDN
FET,FETHIYE(TURQUOISE CST)TURKEY,TUR
SVO,"SVOLVAER, (LOFOTEN), NORWAY",NOR
FAA,"FAABORG, DENMARK",DNK
PRP,"PROPRIANO, CORSICA",FRA
DRS,"DURRES (TIRANA), ALBANIA",ALB
PAN,"PANAMA CITY, PANAMA",PAN
GCR,"GOLFITO, COSTA RICA",CRI
QCR,"QUEPOS, COSTA RICA",CRI
MLY,"LESVOS (MOLYVOS), GREECE",GRC
WDE,WATERFORD(DUNMORE E.)IRELAND,IRL
KUH,"KUSHIRO, JAPAN",JPN
ABU,"MIYAZAKI (ABURATSU), JAPAN",JPN
AIS,"CASSIS, FRANCE",FRA
TZX,"TRABZON, TURKEY",TUR
BUS,"BATUMI, GEORGIA",GEO
SOC,"SOCHI, RUSSIA",RUE
WGQ,"SHANGHAI (HAITONG), CHINA",CHN
HON,"HONFLEUR, FRANCE",FRA
SAV,"SAVANNAH, GEORGIA",USA
DGS,"DOUGLAS, ISLE OF MAN",GBR
LVE,"BORDEAUX (LE VERDON), FRANCE",FRA
SAP,"SAPPORO (MURORAN), JAPAN",JPN
KNW,"KANAZAWA, JAPAN",JPN
TOY,"TOYAMA, JAPAN",JPN
YOS,"YEOSU, SOUTH KOREA",KOR
BRV,"BREMERHAVEN, GERMANY",DEU
LGI,"LA GOMERA ISLAND,CANARY ISL.",ESP
BKI,"KOTA KINABALU, MALAYSIA",MYS
BRC,"BORACAY, PHILIPPINES",PHL
SDK,"SANDAKAN, MALAYSIA",MYS
CIO,"PUERTO CORINTO, NICARAGUA",NIC
BOJ,"BURGAS, BULGARIA",BGR
ARM,"ARGOSTOLI, GREECE",GRC
DUT,"DUTCH HARBOR, ALASKA",USA
AUL,"AURLAND (FLAM), NORWAY",NOR
CCI,"LOS CRISTIANOS, CANARY ISLND",ESP
CBB,"CELUKAN BAWANG, INDONESIA",IDN
VEC,"PORTO VECCHIO,CORSICA,FRANCE",FRA
MAT,"MOUNT ATHOS,GREECE(CRUISING)",GRC
AJU,"ACAJUTLA, EL SALVADOR",SLV
TAR,"TARANTO, ITALY",ITA
CIP,CROATIA INSIDE PASSAGE,HRV
TAK,"TAKAMATSU, JAPAN",JPN
FIG,"CADAQUES (FIGUERES), SPAIN",ESP
TRL,"TROLLFJORD, NORWAY",NOR
KUD,"KUDA BANDOS ISLAND, MALDIVES",MDV
RFG,"ROSES(FIGUERES/GIRONA),SPAIN",ESP
REM,"SAN REMO, ITALY",ITA
VEN,"PORT VENDRES, FRANCE",FRA
BSM,"BOULOGNE SUR MER, FRANCE",FRA
NLV,"NANTES, LOIRE VALLEY, FRANCE",FRA
WIS,"WISMAR, GERMANY",DEU
MMA,"MALMÖ, SWEDEN",SWE
NYN,"STOCKHOLM (NYNASHAMN),SWEDEN",SWE
PGO,"PAPAGAYO, COSTA RICA",CRI
RIG,"RIO GRANDE, BRAZIL",BRA
DIK,"DIKILI, TURKEY",TUR
KVA,"KAVALA, GREECE",GRC
PRG,"PARGA, GREECE",GRC
ZJB,"KUANTAN, MALAYSIA",MYS
MSP,"MESSINA STRAIT PASSAGE,ITALY",ITA
CHR,"CHANIA, CRETE, GREECE",GRC
CQF,"PORT DE CALAIS, FRANCE",FRA
MRE,"MARE, NEW CALEDONIA",NCL
PPS,"PUERTO PRINCESA,PHILIPPINES",PHL
IBE,"IMPERIA, ITALY",ITA
CAZ,"CAYO LEVANTADO, D.R.",DOM
XMC,"MONTE CARLO, MONACO",MCO
PMA,"MARGHERA, ITALY",ITA
FRC,"FREDERICIA, DENMARK",DNK
PLO,"PORT LINCOLN, AUSTRALIA",AUS
EBJ,"ESBJERG, DENMARK",DNK
VIL,"VILLAGARCIA DE AROUSA, SPAIN",ESP
PTS,"PORTO TORRES(SARDINIA),ITALY",ITA
RIN,"CORK (RINGASKIDDY), IRELAND",IRL
IGO,"IGOUMENITSA, GREECE",GRC
KKV,"KORSAKOV, RUSSIA",RUE
SMZ,"MT FUJI (SHIMIZU), JAPAN",JPN
KOK,"KO KUT, THAILAND",THA
HAU,"HAUGESUND, NORWAY",NOR
SSB,"SAO SEBASTIO, BRAZIL",BRA
RVJ,"ROVINJ (ISTRIA), CROATIA",HRV
ANZ,"ANZAC COVE,TURKEY (CRUISING)",TUR
TGN,"BARCELONA (TARRAGONA), SPAIN",ESP
ALD,"ALCUDIA (MALLORCA), SPAIN",ESP
AAL,"AALBORG, DENMARK",DNK
GZM,"MGARR, GOZO, MALTA",MLT
GRX,"MALAGA (GRANADA), SPAIN",ESP
HUV,"HUELVA, SPAIN",ESP
BTN,"BARTIN (AMASRA), TURKEY",TUR
AYR,"GLASGOW (AYR), SCOTLAND",GBR
IOL,"STORNOWAY (ISLE LEWIS), SCOT",GBR
PNU,"PENGHU(MAGONG) TAIWAN, CHINA",TWN
TIS,"THURSDAY ISLAND, AUSTRALIA",AUS
CDS,"CASTELLAMARRE DISTABIA,ITALY",ITA
DLG,"DUN LAOGHAIRE, IRELAND",IRL
BOO,"BODO, NORWAY",NOR
LKL,"LAKSELV, NORWAY",NOR
MMK,"MURMANSK, RUSSIA",RUE
SEY,"SEYDISFJORDUR, ICELAND",ISL
VES,"VESTMANNAEYJAR, ICELAND",ISL
PNG,"PARANAGUA, BRAZIL",BRA
LXS,"MYRINA, LEMNOS ISL, GREECE",GRC
MDR,"MOUDHROS, LEMNOS ISL, GREECE",GRC
JSH,"SITEIA, CRETE, GREECE",GRC
CRV,"CROTONE, ITALY",ITA
RSN,"BAYOFKOTOR(RISAN),MONTENEGRO",MNE
LCV,"LIVORNO (LUCCA), ITALY",ITA
AMH,"AL MANAMAH, BAHRAIN",BHR
PIO,"PIOMBINO (TUSCANY), ITALY",ITA
KHS,"KHASAB, OMAN",OMN
MAI,"KYOTO (MAIZURU), JAPAN",JPN
DOH,"DOHA, QATAR",QAT
CES,"CESME, TURKEY",TUR
TSV,"TOWNSVILLE, AUSTRALIA",AUS
TAN,"TANGALOOMA MORETON ISL, AUST",AUS
PVC,"PROVINCETOWN, MASSACHUSETTS",USA
ULL,"ULLAPOOL, UNITED KINGDOM",GBR
ESK,"ESKIFJORDUR - HOFN, ICELAND",ISL
HLL,"HOLY LOCH, UNITED KINGDOM",GBR
MLL,"MOOLOOLABA, QUEENSLAND, AUST",AUS
KCZ,"KOCHI, JAPAN",JPN
SDJ,"SENDAI, JAPAN",JPN
YAY,"ST. ANTHONY, NEWFOUNDLAND",CAN
YUL,"MONTREAL, QUEBEC",CAN
CNA,"PUNTA CANA, DOMINICAN REP",DOM
SLW,SAINT LAWRENCE RIVER,CAN
CGK,"JAKARTA, INDONESIA",IDN
WTG,"WAITANGI, BAY OF ISLANDS,NZL",NZL
RUS,"RUSSEL, BAY OF ISLANDS, NZL",NZL
KBZ,"KAIKOURA, NEW ZEALAND",NZL
BAY,"BAYONNE, FRANCE",FRA
GSM,"PISCO, PERU",PER
TRU,"SALAVERRY (TRUJILLO), PERU",PER
KMJ,"KUMAMOTO, JAPAN",JPN
LCC,"GALLIPOLI (LECCE), ITALY",ITA
AXT,"AKITA, JAPAN",JPN
NIS,"MANDRAKI,NISYROS ISL, GREECE",GRC
LIP,"LIPARI, ITALY",ITA
LPS,"LA PASSE,LA DIGUE,SEYCHELLES",SYC
NVK,"NARVIK, NORWAY",NOR
VAV,"VAVAU (NEIAFU), TONGA",TON
TBU,"NUKU 'ALOFA, TONGA",TON
PKL,"WOLLONGONG (PORT KEMBLA),AUS",AUS
SIB,"SIBENIK, CROATIA",HRV
SSO,"SASEBO(MIURA), JAPAN",JPN
ZHZ,"HALIFAX,NS-NO DISEMBARKATION",CAN
PEA,"KANGAROO ISL (PENNESHAW),AUS",AUS
DUN,"DUNDEE, SCOTLAND, UK",GBR
XPS,"PORT SAID, EGYPT -NO DEBARK",EGY
KLF,"KHOR AL FAKKAN, U.A.E.",ARE
TGH,"DONGHAE, SOUTH KOREA",KOR
WHI,"WHITSUNDAY ISLANDS,AUSTRALIA",AUS
ALG,"ALGHERO, ITALY",ITA
HMB,"HAMBANTOTA, SRI LANKA",LKA
GDK,"GDANSK, POLAND",POL
BTU,"BINTULU, MALAYSIA",MYS
OST,"OOSTENDE, BELGIUM",BEL
HOR,"HORTA, AZORES",PRT
RJK,"RIJEKA, CROATIA",HRV
SBY,"SIR BANI YAS,U.ARAB EMIRATES",ARE
RLG,"ROSTOCK, GERMANY",DEU
CFG,"CIENFUEGOS, CUBA",CUB
HAV,"HAVANA, CUBA",CUB
SCU,"SANTIAGO DE CUBA, CUBA",CUB
SHS,"SHIMONOSEKI, JAPAN",JPN
ANI,"AGIOS NIKOLAOS, CRETE",GRC
PSC,PUNTA PITT (SAN CRISTOBAL),ECU
KIN,"KINGSTON, JAMAICA",JAM
PXO,MADEIRA (PORTO SANTO),PRT
PDX,"PORTLAND, OREGON",USA
SYM,"SYMI, GREECE",GRC
ZYM,"SYMI,GREECE - TECHNICAL STOP",GRC
HRR,"MIYAKO ISL (HIRARA), JAPAN",JPN
KSU,"KRISTIANSUND, NORWAY",NOR
GER,"ISLA DE LA JUVENTUD, CUBA",CUB
MSQ,MOSQUERA ISLET (GALAPAGOS),ECU
ESB,ESPUMILLA BEACH (SANTIAGO),ECU
ELB,EL BARRANCO (GENOVESA),ECU
DWB,DARWIN BAY (GENOVESA),ECU
PVL,PUERTO VILLAMIL (ISABELA),ECU
WOT,WALL OF TEARS (ISABELA),ECU
LLO,LOS LOBOS (SAN CRISTOBAL),ECU
BTC,BLACK TURTLE COVE (SANTA,ECU
CHI,CHINESE HAT ISLET,ECU
WRH,WARLOCK HILL (SAN CRISTOBAL),ECU
POP,"PUERTO PLATA, DOMINICAN REP",DOM
KIJ,"NIIGATA, JAPAN",JPN
KKJ,"KITAKYUSHU, JAPAN",JPN
CXR,"NHA TRANG (CAM RANH),VIETNAM",VNM
NSZ,"NANSHA, CHINA",CHN
SZX,"SHENZHEN, CHINA",CHN
SYW,"SYDNEY (WHITE BAY),AUSTRALIA",AUS
TJI,"BANANA COAST(TRUJILLO),HOND.",HND
QDN,"EDEN, AUSTRALIA",AUS
EMR,"PORQUEROLLES ISLAND, FRANCE",FRA
HSN,"JEJU(HWASUN BAY),SOUTH KOREA",KOR
NSN,"NELSON, NEW ZEALAND",NZL
TUT,"TUTICORIN, INDIA",IND
PBD,"PORBANDER, INDIA",IND
RVK,"RORVIK, NORWAY",NOR
HOG,"HOLGUIN, CUBA",CUB
PTR,"PORTRUSH, NORTHERN IRELAND",GBR
SZS,"OBAN,STEWART ISLAND,NEW ZLND",NZL
MOG,"MOGI, JAPAN",JPN
MOJ,"MOJI/KITAKYUSHU, JAPAN",JPN
XCN,"CORON, PHILIPPINES",PHL
NCL,"NEWCASTLE UPON TYNE, U.K.",GBR
GIS,"GISBORNE, NEW ZEALAND",NZL
LRT,"LORIENT, FRANCE",FRA
HMR,"HOMER, ALASKA",USA
SBG,"SABANG, INDONESIA",IDN
CJX,"JEJU,S.KOREA(TECHNICAL CALL)",KOR
KJX,"KUMAMOTO,JAPAN (PENDING)",JPN
NWF,"EDINBURGH(NEWHAVEN),SCOTLAND",GBR
KDK,"KODIAK, ALASKA",USA
CBU,"CAMBORIU, BRAZIL",BRA
JJU,"QAQORTOQ, GREENLAND",GRL
BGP,PRINS CHRISTIAN SUND(CRUISE),GRL
POA,"BAR, MONTENEGRO",MNE
BIM,"BIMINI, BAHAMAS",BHS
NFD,"NORDFJORDEID, NORWAY",NOR
SNR,"ST. NAZAIRE, FRANCE",FRA
NKS,"OKINAWA (NAKAGUSUKU), JAPAN",JPN
MRU,"PORT LOUIS, MAURITIUS",MUS
SBB,"SUBIC BAY, PHILIPPINES",PHL
MRI,"AREQUIPA (MATARANI), PERU",PER
XBC,CRUISING BEAGLE CHANNEL,ARG
SPE,"SPETSES, GREECE",GRC
SAI,"SAN ANTONIO, CHILE",CHL
ANF,"ANTOFAGASTA, CHILE",CHL
FOY,"FOWEY, UK",GBR
SMI,"SAMOS, GREECE",GRC
MON,"MONEMVASIA, GREECE",GRC
SRA,"LAGUNA SAN RAPHAEL, CHILE",CHL
PUY,"PULA, CROATIA",HRV
ENC,ENDICOTT ARM & DAWES GLACIER,USA
WRN,"WARNEMUNDE, GERMANY",DEU
DKR,"DAKAR, SENEGAL",SEN
HGL,"HELGOLAND, GERMANY",DEU
RSE,"ROSENDAL, NORWAY",NOR
LDY,"LONDONDERRY,NORTHERN IRELAND",IRL
BLB,"BALBOA, PANAMA",PAN
CMO,"CURRIMAO, PHILIPPINES",PHL
NPZ,"NEW PLYMOUTH, NEW ZEALAND",NZL
FOV,"FOYNES, IRELAND",IRL
BTH,"BANTRY HARBOUR, IRELAND",IRL
HMY,"HEIMAEY, ICELAND",ISL
HUS,"HUSAVIK, ICELAND",ISL
BSS,"BUSSELTON, AUSTRALIA",AUS
LAD,"LUANDA, ANGOLA",AGO
TKD,"TAKORADI, GHANA",GHA
ABJ,"ABIDJAN, IVORY COAST",GHA
XNC,NORTH CAPE (CRUISING),NOR
XHF,HARDANGERFJORD (CRUISING),NOR
KLZ,"KALAMATA, GREECE",GRC
XIN,"ISFJORDEN, NORWAY (CRUISING)",NOR
XBN,BARRENTSBURG (CRUISING),NOR
XPN,"PYRAMIDEN, NORWAY (CRUISING)",NOR
XTN,TEMPELFJORDEN (CRUISING),NOR
XLN,LILLIEHOOK GLACIER(CRUISING),NOR
NYA,"NY-ALESUND, NORWAY",NOR
PCC,"PERFECT DAY COCOCAY, BAHAMAS",BHS
ZLO,NO LONGER VALID,MEX
SLM,ILOCOS(SALOMAGUE)PHILIPPINES,PHL
DUR,"DURBAN, SOUTH AFRICA",ZAF
ELS,"EAST LONDON, SOUTH AFRICA",ZAF
MPM,"MAPUTO, MOZAMBIQUE",MOZ
PLZ,"PORT ELIZABETH, SOUTH AFRICA",ZAF
RCB,"RICHARDS BAY, SOUTH AFRICA",ZAF
RUN,"POINTE DES GALETS, REUNION",REU
ZNZ,"ZANZIBAR, TANZANIA",TZA
KBS,"DONEGAL (KILLYBEGS), IRELAND",IRL
GWY,"GALWAY, IRELAND",IRL
AOI,"ANCONA, ITALY",ITA
RET,"RETHYMNON, CRETE, GREECE",GRC
BJL,"BANJUL, THE GAMBIA",GMB
LUD,"LUDERITZ, NAMIBIA",NAM
WVB,"WALVIS BAY, NAMIBIA",NAM
EVE,"HARSTAD, NORWAY",NOR
MHQ,"MARIEHAMN, ALAND, FINLAND",FIN
ABD,"ABERDEEN, SCOTLAND",GBR
FTU,"TAOLAGNARO, MADAGASCAR",MDG
FRF,"VESTERALEN, NORWAY",NOR
RKT,"RAS AL KHAIMAH, U.A.E.",ARE
ASJ,"AMAMI, JAPAN",JPN
ABA,"ABASHIRI, JAPAN",JPN
MNC,"MANCHESTER, UK",GBR
KSB,"KHALIFA BIN SALMAN, BAHRAIN",BHR
SKT,"SAKATA, JAPAN",JPN
CHZ,NOT IN USE,USA
CHX,"CHAN MAY, VIETNAM(TECH.CALL)",VNM
UKY,"KYOTO (OSAKA), JAPAN",JPN
XNS,"NASSAU, BAHAMAS (NO DEBARK)",BHS
LEL,"LELEPA, VANUATU",VUT
SLB,STATUE OF LIBERTY (CRUISING),USA
FRA,"FRASER ISLAND, AUSTRALIA",AUS
IQQ,"IQUIQUE, CHILE",CHL
TKM,"TOLKAMER, NETHERLANDS",NLD
GOH,"NUUK, GREENLAND",GRL
RNK,"RUNAVIK, FAROE ISLANDS",FRO
MLO,"MILOS, GREECE",GRC
MAM,"MAMOUDZOU, MAYOTTE",MYT
MZQ,"ISLAND OF MOZAMBIQUE, MZ",MOZ
WPT,"WARRENPOINT, N. IRELAND",GBR
SAK,"SKAGAFJORDUR, ICELAND",ISL
NFK,"KINGSTON, NORFOLK ISLAND",NFK
DAR,"DAR ES SALAAM, TANZANIA",TZA
WET,WET-DOCK (LOCATION VARIES),USA
XIS,"TORTOLA, BVI  TECHNICAL CALL",VIR
TNJ,"BINTAN ISLAND, INDONESIA",IDN
GYE,"GUAYAQUIL, ECUADOR",ECU
SGR,"SASEBO (URAGASHIRA), JAPAN",JPN
PTJ,"PORTLAND, AUSTRALIA",AUS
PST,"POSITANO, ITALY",ITA
LNY,"LANAI, HAWAII",USA
PLY,INVAID PORT CODE,GRC
ACC,"TEMA (ACCRA), GHANA",GHA
PYL,"PYLOS, GREECE",GRC
NOS,"NOSY BE, MADAGASCAR",MDG
HMD,"HAMAD PORT, QATAR",QAT
YNE,"LA SEYNE-SUR-MER, FRANCE",FRA
DAN,DARDANELLES (CRUISING),TUR
BLU,"BLUFF, NEW ZEALAND",NZL
AMO,"AMORGOS, GREECE",GRC
JSY,"SYROS, GREECE",GRC
SIF,"SIFNOS, GREECE",GRC
WRE,"WHANGAREI, NEW ZEALAND",NZL
SEI,"SEPT-ILES, QUEBEC, CANADA",CAN
FSH,"FISHGUARD, WALES",GBR
BRS,"BRISTOL, UK",GBR
TIN,"TINOS, GREECE",GRC
VIF,"VIEUX FORT, ST. LUCIA",LCA
BNN,"BRONNOYSUND, NORWAY",NOR
CC1,COCOCAY TECHNICAL STOP,BHS
PK1,PORT KEMBLA TECHNICAL STOP,AUS
FL1,FT. LAUDERDALE TECHNICAL,USA
GA1,GALVESTON TECHNICAL STOP,USA
GU1,GULFPORT TECHNICAL STOP,USA
BG1,BARBADOS TECHNICAL STOP,BRB
SX1,ST. MAARTEN TECHNICAL STOP,ANT
FP1,FREEPORT TECHNICAL STOP,BHS
AT1,PIRAEUS TECHNICAL STOP,GRC
TP1,TAMPA TECHNICAL STOP,USA
SA1,SAN DIEGO TECHNICAL STOP,USA
SI1,SINGAPORE TECHNICAL STOP,SGP
QL1,LIMASSOL TECHNICAL STOP,CYP
GPT,"GULFPORT, MS, USA",USA
BA1,LA TRANCA TECHNICAL STOP,ECU
SY1,SYDNEY ATHOL BAY TECH STOP,AUS
SY2,SYDNEY OPT TECHNICAL STOP,AUS
KO1,CAMBODIA TECHNICAL STOP,KHM
PBR,"PUERTO BARRIOS, GUATEMALA",GTM
BLQ,"RAVENNA (VENICE), ITALY",ITA
ST1,SOUTHAMPTON  TECHNICAL STOP,GBR
BTM,"BATAM ISLAND, INDONESIA",IDN
CUX,"CUXHAVEN, GERMANY",DEU
MQE,"MARBELLA, SPAIN",ESP
LBU,"LABUAN, MALAYSIA",MYS
POR,"PORTSMOUTH, DOMINCA",DMA
VIS,"VIK, NORWAY",NOR
GLW,GLASGOW (KING GEORGE V DOCK),GBR
WVN,"WILHELMSHAVEN, GERMANY",DEU
PME,"PORTSMOUTH, UK",GBR
WEY,"WEYMOUTH BAY, UK",GBR
PHC,"POOLE BAY, UK",GBR
CHG,"CHAGUARAMAS, TRINIDAD",TTO
ALI,"ALIAGA, TURKEY",TUR
CRR,"FLORENCE/PISA(CARRARA),ITALY",ITA
ARE,"ARENDAL, NORWAY",NOR
GIA,GREAT ISAAC CAY - ANCHORAGE,BHS
PCT,"PUERTO CORTES, HONDURAS",HND
AUG,"AUGUSTA, SICILY, ITALY",ITA
WDC,KETCHIKAN (WARD COVE) ALASKA,USA
KTK,"KOTKA, FINLAND",FIN
MZY,"MOSSEL BAY, SOUTH AFRICA",ZAF
HLE,"ST. HELENA (JAMESTOWN), UK",GBR
ASI,"ASCENSION ISLAND, UK",GBR
MLF,"MILFORD HAVEN, WALES",GBR
LES,"LA ESTACA, CANARY ISLANDS",ESP
ANT,"ANTIBES, FRANCE",FRA
ROR,"KOROR, PALAU",PLW
AIT,"AITUTAKI, COOK ISLANDS",COK
JED,"JEDDAH, SAUDI ARABIA",SAU
EAS,"EASTER ISLAND, CHILE",CHL
PIT,"PITCAIRN ISLAND, UK",GBR
ALO,"ALOTAU, PAPUA NEW GUINEA",PNG
MPG,"MADANG, PAPUA NEW GUINEA",PNG
PVK,"PREVEZA, GREECE",GRC
GOR,"GORINCHEM, NETHERLANDS",NLD
QFQ,"MALOY, NORWAY",NOR
FAV,"FAKARAVA, FRENCH POLYNESIA",PYF
JNN,"NANORTALIK, GREENLAND",GRL
XAM,AMSTERDAM (DAMEN SHIPYARD),NLD
GLT,"GLADSTONE, AUSTRALIA",AUS
HIE,"EL HEIRRO, CANARY ISLANDS",ESP
MAR,"MARIGOT BAY, ST. LUCIA",LCA
IDS,"ILES DU SALUT, FR.GUIANA",GUF
GGL,"GARIBALDI GLACIER, CHILE",CHL
PRV,"PRAIA DA VITORIA, AZORES",PRT
IOW,"COWES, ILE OF WIGHT, UK",GBR
TOB,"TOBERMORY, UK",GBR
TOR,"TORQUAY, UK",GBR
DIN,"DINGLE, IRELAND",IRL
KLN,"KINSALE, IRELAND",IRL
OTO,"OTRANTO, ITALY",ITA
LLA,"LULEA, SWEDEN",SWE
KEM,"KEMI, FINLAND",FIN
OUL,"OULU, FINLAND",FIN
RAU,"RAUMA, FINLAND",FIN
AVS,"AVILES, SPAIN",ESP
PJO,"PORT JOINVILLE, FRANCE",FRA
TNR,"ST. HELIER, UK",GBR
OHI,"OUDESCHILD, NETHERLANDS",NLD
BMK,"BORKUM, GERMANY",DEU
HAF,"HAFNARFJORDUR,  ICELAND",ISL
BGJ,"BORGARFJORDUR, ICELAND",ISL
FLA,"FLATEYRI, ICELAND",ISL
GRY,"GRIMSEY, ICELAND",ISL
SAM,"SAO MIGUEL, AZORES, PORTUGAL",PRT
ANM,"AYIA NAPA, CYPRUS",CYP
MJN,"MAHAJANGA, MADAGASCAR",MDG
SDL,"SUNDSVALL, SWEDEN",SWE
DJU,"DJUPIVOGUR, ICELAND",ISL
GRF,"GRUNDARFJORDUR, ICELAND",ISL
TOA,"TOAMASINA, MADAGASCAR",MDG
PAU,"BORDEAUX (PAUILLAC), FRANCE",FRA
SFJ,"KANGERLUSSUAQ, GREENLAND",GRL
PSS,"PORTO SANTO STEFANO, ITALY",ITA
KTX,BAY OF KOTOR (CRUISING),MNE
MLN,"MELILLA, SPAIN",ESP
TGU,"TEGUCIGALPA, HONDURAS",HND
JOG,"YOGYAKARTA, INDONESIA",IDN
GUM,"GUAM, US",USA
XHB,HAVANNAH BOULARI PASSAGE,NCL
IRO,"ISLE ROYALE, FRENCH GUIANA",GUF
STL,"SAINT HELLIER, JERSEY",GBR
WCA,"CASTRO, CHILE",CHL
HVC,"HARVEST CAYE, BELIZE",BLZ
FSA,"VENICE (FUSINA), ITALY",ITA
CHO,"VENICE (CHIOGGIA), ITALY",ITA
TAS,"TASMAN BAY, NEW ZEALAND",NZL
SNC,SIERRA NEGRA CALDERA-ISABELA,ECU
LST,LAS TINTORERAS (ISABELA),ECU
CZL,"COZUMEL, MEXICO",MEX
MNF,"MONFALCONE, ITALY",ITA
ALE,"ALGECIRAS, SPAIN",ESP
