Code,Description
AFR,Africa
AK,ALASKA
ANT,ANTARCTICA
APC,ALASKA PACIFIC COASTAL
ARA,ARAB
ARC,ARCTIC
AUS,AUSTRALIA AND NEW ZEALAND
BAH,BAHAMAS
BER,BERMUDA
CAE,EASTERN CARIBBEAN
CAN,CANADA
CAR,CARIBBEAN
CAS,SOUTHERN CARIBBEAN
CAW,WESTERN CARIBBEAN
CHN,CHINA
CMP,MINIS CARIBE SUR
CPC,CALIFORNIA COASTAL
CRB,Crucero posicional
CUB,CUBA
ECS,EASTBOUND COASTAL
EEU,EAST EUROPE
EME,EASTERN MEDITERRANEAN
EMW,WESTERN MEDITERRANEAN
EUE,EUROPE EAST
EUN,EUROPE NORTH
EUR,EUROPEAN
EUS,EUROPE SOUTH
EUW,EUROPE WEST
FAM,FANTASIA MEDITERRANEA
FAR,FAR EAST
FIS,FIN DE SEMANA
GAL,GALAPAGOS ISLANDS
HAW,HAWAII
HKG,HONG KONG
IHL,REPOSITIONING
IND,DUBAI/INDIA
ING,INNAUGURAL CRUISES
LDX,LAX/DXB
MEX,MEXICO
MID,DUBAI/EMIRATES
NWS,CRUISE TO NO WHERE SLGS
PAA,Armada
PAB,Aires de Brasil
PAC,Antillas y Caribe Sur
PAD,ADRIA
PAE,ANTILLAS Y CARIBE SUR ESPECIAL
PAF,DE BARBADOS A ST. MAARTEN
PAG,ANTILLES Y GRANADINAS
PAH,DE SANTO DOMINGO A CARTAGENA
PAI,Baíla
PAJ,DE ST. MAARTEN A CURACAO
PAK,DE ST. MAARTEN A COLON
PAL,ALLEGRIA
PAM,DE SANTO DOMINGO A COLON
PAN,ANDALUCIA
PAO,DE SANTO DOMINGO A ST. MAARTEN
PAP,DE CARTAGENA A SANTO DOMINGO
PAQ,DE CURACAO A ST. MAARTEN
PAR,PARIS
PAS,MACEIO-SALVADOR-RIO
PAT,DE COLON A SANTO DOMINGO
PAU,DEL CARIBE A EUROPA
PAV,DE BILBAO A LISBOA
PAW,DE CANARIAS AL CARIBE
PAX,DE MALAGA A ST MARTIN
PAY,DE ANTIGUA A ST. MAARTEN
PAZ,Azzura
PBA,Bleu Azur
PBB,ISLAS CANARIAS Y MADEIRA
PBC,CAPITALES BALTICAS
PBD,ISLAS DEL CARIBE Y ST MAARTEN
PBE,Bella
PBF,ISLAS DEL CARIBE Y BARBADOS
PBG,RUMBO A LAS ISLAS GRIEGAS
PBH,Esplendores de Bahamas
PBI,M. CRUZEIRO BUZIOS-ILHAB
PBJ,DE CURACAO A SANTO DOMINGO
PBK,PULLMANTUR - BCN R/T
PBL,Belleza
PBM,BUENOS AIRES E MONTEVIDEO
PBN,CARNAVAL DO RIO
PBO,BARCELONA
PBP,BRASIL / PORTUGAL
PBQ,ESCAPADA A BÚZIOS
PBR,BRASIL / PORTUGAL / ESPANHA
PBS,BUZIOS E SANTOS
PBT,ESCAPADA AO RIO
PBU,Buenos Aires e Santos
PBV,BELLA VITA
PBW,RIO CIDADE E PRAIA
PBX,PULLMANTUR - BCN R/T
PBY,BYZANTINE
PBZ,RUMO Á SANTOS
PCA,ENCANTOS DE CANARIAS
PCB,M. CRUZEIRO BÚZIOS-SANTOS
PCC,CARNAVAL
PCD,ISLAS CANARIAS
PCE,Corazon de Europa
PCF,A SANTOS POR CABO FRIO
PCG,DE CADIZ A SANTOS
PCH,PMT CHARTER
PCI,CIAO BELLA
PCJ,DE PORTUGAL A BRASIL
PCK,TRAVESSIA BRASIL - ESPANHA
PCL,COLORES DEL MEDITERRANEO
PCM,EL CARIBE MEDITERRANEO
PCN,CARNAVAL EM RIO
PCO,COSTA AZUL Y ROMA
PCP,SOL DEL CIRCULO POLAR
PCQ,TRAVESSIA BRASIL - ESPANHA
PCR,CARIBE TROPICAL
PCS,CARNAVAL EM SALVADOR
PCT,"Córcega, Toscana y Occitania"
PCU,CARIBE SUR
PCV,CIAO VENECIA
PCW,RIO CIDADE E PRAIA
PCX,ESCAPADA A MARRUECOS
PCY,CHARTER
PCZ,CARNAVAL NO ZENITH
PDA,PERLAS DEL ATLANTICO
PDB,CHARTER
PDC,5 MARAVILLAS DEL MEDITERRANEO
PDD,EXPEDICION AL CIRCULO POLAR
PDE,DE ESPANA A BRASIL
PDF,DE CANARIAS AL MEDITERRANEO
PDG,DE LISBOA A VIGO
PDH,DEL CANTABRICO AL MEDITERRANEO
PDI,DEL MEDITERRANEO AL MAR EGEO
PDJ,DEL NORTE AL SUR EUROPEO
PDK,DEL SUR AL NORTE EUROPEO
PDL,RINCONES SECRETOS DEL MEDITERRANEO
PDM,DESTELLOS DE MÉXICO Y BAHAMAS
PDN,BUZIOS
PDO,CAMBORIU
PDP,RUMO A BARCELONA
PDQ,SALVADOR / RECIFE
PDR,DE EUROPA A BRASIL
PDS,Rose des Sables
PDT,DUBAI Y LEYENDAS ARABIA
PDU,DEL MAR EGEO AL MEDITERRANEO
PDV,DOLCE VITA
PDW,ESCAPADA A PORTUGAL
PDX,FIN DE AÑO EN CANARIAS
PDY,DEL MEDITERRANEO A CANARIAS
PDZ,DE GRECIA A DUBAI
PEA,ESCAPADAS AL ATLANTICO
PEB,Especial Cozumel-Colón
PEC,Caribe Este
PED,EUROPE-BRASIL
PEE,ENCANTOS DE EUROPA
PEF,Especial Progreso-Cartagena
PEG,EUROPE-BRASIL
PEH,EUROPE-BRASIL
PEI,ETE INDIEN
PEJ,DE DUBAI A GRECIA
PEK,Estambul Y Kusadasi
PEL,DE EUROPA AL CARIBE
PEM,ESCAPADA AL CARIBE
PEN,LA ONCE
PEO,ISLAS DEL CARIBE Y ST LUCIA
PEP,DE BARCELONA A LISBOA
PEQ,GRAN TRAVESIA ATLANTICO
PER,ATENAS Y RUTA FENICIOS
PES,ESCAPADA A GRECIA
PET,ESENCIA DE ITALIA
PEU,MARRUECOS Y PORTUGAL
PEV,Vénézia
PEW,MADEIRA E ISLAS CANARIAS
PEX,"MADEIRA, MARRUECOS Y ANDAL."
PEY,EYJAFJALLAJOKULL
PEZ,ISLAS CANARIAS A PORTUGAL
PFA,5 MARAVILLAS JOVENES
PFB,COSTA ATLANTICA AL MED.
PFC,COSTA ATLANTICA AL NORTE
PFD,NORTE A COSTA ATLANTICA
PFE,FIESTA
PFF,ESCAPADA AL SUR DE FRANCIA
PFG,EXPEDICION IS. BRITANICAS
PFH,PMT - OPEN SEA CRUISE CHARTER
PFI,Fiordos del norte
PFJ,"VENECIA, CROACIA Y GRECIA"
PFK,SPRING RIDERS BOAT
PFL,ANTILLAS - ESPECIAL ARUBA
PFM,ECLIPSE SOLAR EN DUBÁI
PFN,FERNANDO DE NORONHA
PFO,ISLAS CANARIAS Y MARRUECOS
PFP,"ISRAEL, GRECIA Y CULTURAS"
PFQ,ANTILLAS-ESPECIAL CURAÇAO
PFR,FERNANDO DE NORONHA-REVEILLON
PFS,A SANTOS POR S.F. DO SUL
PFT,MENORCA Y FRANCIA
PFU,"LISBOA, MARRUECOS Y ANDAL."
PFV,MALAGA Y LISBOA
PFW,RITMOS JAMAICA Y CARIBE
PFX,"ISRAEL, EGIPTO, TURQUIA"
PFY,MALLORCA Y FRANCIA
PFZ,FIORDOS Y BALTICO
PGA,CDF - CROISIERE GASTRONOMIQUE
PGB,VENECIA CROACIA I.GRIEGAS
PGC,CARIBE MAGICO
PGD,PORTUGAL ESPANA MARRUECOS
PGE,"MALTA, SICILIA E ITALIA"
PGF,4 MARAVILLAS DEL MED.
PGG,SPRING STUDENTS BOAT
PGH,ISLANDIA E ISLAS FEROE
PGI,ISLANDIA Y FIORDOS
PGJ,ESCOCIA E IS. BRITANICAS
PGK,IRLANDA E IS. BRITANICAS
PGL,GLORIA
PGM,CRUCERO FIN DE CURSO
PGN,RUMO A ARGENTINA
PGO,SEIS ISLAS CANARIAS
PGQ,DUBAI Y ABU DHABI
PGR,ISLAS GRIEGAS
PGS,DUBAI Y DOHA
PGT,VIGO Y LISBOA
PGU,GUAPA
PGV,5 MERVEILLES MARSEILLE
PGW,4 MERVEILLES MARSEILLE
PGX,ESTAMBUL E ISLAS GRIEGAS
PGY,ORIENTE MAGICO
PGZ,DESCUBRE TIERRA SANTA
PHA,GRECIA Y EL ADRIATICO
PHB,GRECIA Y TIERRA SANTA
PHC,HACIA COSTA RICA (PURA VIDA)
PHD,"BALEARES,CORCEGA"
PHE,"BALEARES,COSTA AZUL"
PHF,LISBOA A MALAGA
PHR,NATAL -ITAJAÍ-ILHAB-BÚZIOS-RIO
PIB,ILES BLEUES
PIC,ISLAS DEL CARIBE
PIE,ISLAS DEL CARIBE ESPECIAL
PIF,M. CRUZEIRO ITAJAÍ-FCO DO SUL
PIL,ILHEUS-SALVADOR-RIO
PIM,Inaugural (Marseille-Marseille)
PIN,INTERNACIONAL SSZ-SSZ
PIP,ILHAB-BÚZIOS-P.TROP
PIR,IMPERATRIZ RUMO A SANTOS
PIS,"1,2,3 SOLEIL"
PIT,M. CRUZEIRO FCO DO SUL-SANTOS
PIZ,M. CRUZEIRO ITAJAÍ-BUZIOS
PJA,JÓIAS DO ATLÂNTICO
PJE,JOYAS DEL EGEO
PJV,SANTOS-ITAJAÍ-MONTEVIDEO
PKA,Kusadasi Y Antalya
PLC,ANDALUCIA Y CANARIAS
PLD,LA DEMENCE
PLE,Leyendas del Mediterráneo
PLG,CARIBE LEGENDARIO
PLI,L ITALIE SECRETE
PLR,NATAL- ILHAB-BÚZIOS-RIO-SANTOS
PMA,CRUZEIRO DA MATA ATLANTICA
PMB,BRISAS MEDITERRANEOS
PMC,MINI CRUZEIRO
PMD,Medina
PME,MEDITERRANEO FRANCIA
PMF,ITAJAI-SANTOS
PMG,ISLAS GRIEGAS Y TURQUIA
PMH,TRANS ST-MARTEEN BARCEL
PMI,MINI IMPERATRIZ
PMJ,JOYAS MEDITERRANEOS
PMK,BARCELONA MARSEILLE
PML,ESPECIAL MAlAGA-ALICANTE
PMM,TRANS STO.DOM BARCELONA
PMN,BELLEZAS DEL MAR NEGRO
PMP,M. CRUZEIRO BUZIOS-ILHAB-P.TROP
PMR,CDF-MARSEILLE-SANTOS O/J
PMS,MINI SOBERANO EM BUZIOS
PMU,SOLE MIO PLUS
PMV,RONDO VENEZIANO
PMY,PULLMANTUR - COZUMEL R/T
PMZ,MINI CRUZEIRO ZENITH
PNA,NATAL
PNB,NUITS BLANCHES
PNE,ENCANTOS DEL NORTE DE EUROPA
PNI,NATAL NO IMPERATRIZ
PNO,SOL DE MEDIANOCHE
PNR,MINI CRUZEIRO NORTE
PNS,NATAL NO SOBERANO
PNT,"NATAL - SALVADOR, BUZIOS E SANTOS"
PNW,PACIFIC NORTHWEST
PNZ,NATAL NO ZENITH
POC,Orange Cruise MLA-VLC
POD,Odyssée
POL,OLÉ!!
PPA,Paloma
PPB,DE LISBOA A RECIFE
PPC,DESDE ESPAÑA AL CARIBE
PPD,PACIFICO MEXICANO
PPE,MARES DE LA PENINSULA
PPL,DE PALMA A LISBOA
PP1,Escapadas al Pacifico 4N
PP2,Escapadas al Pacifico 3N
PRA,RIO-SANTOS
PRB,RIO DE JANEIRO E BUZIOS
PRC,REVEILLON EM COPACABANA
PRD,RIO-BUENOS AIRES
PRE,RECIFE
PRF,RIVIERA FRANCESA
PRG,REGRESO AL MEDITERRANEO
PRH,RUMBO A EUROPA
PRI,RIO DE JANEIRO-SALVADOR-BUZIOS
PRJ,RUMBO AL CARIBE
PRL,ROMA A BARCELONA
PRM,RIO-BUENOS AIRES-MONTEVIDEO
PRN,RUMO AO NORDESTE
PRO,RIO-ILHEUS-SALVADOR-MACEIO
PRP,RUMO A EUROPA
PRR,RECIFE - SANTOS
PRS,Red Sea
PRT,RIO-SANTOS-RIO
PRU,ESPECIAL RUMO A BRASIL
PRV,ROUTE DES VIGNOBLES
PRZ,IMPERATRIZ RUMO A SANTOS
PSA,SALVADOR-BUZIOS-SANTOS-RIO DE JANEIRO
PSB,"SALVADOR, BUZIOS E SANTOS"
PSC,PARAISO DO CARIBE
PSD,SALVADOR-RIO-SANTOS-SALVADOR
PSE,SÉRÉNISSIME
PSF,Secrets d ete
PSG,SUEÑOS DE GRECIA
PSH,Saveurs et Découvertes
PSI,MINI SANTOS-RIO-BUZIOS
PSL,SALVADOR-RIO-ILHEUS
PSM,SOLEIL DE MINUIT
PSN,SANTOS - RECIFE
PSO,Sole Mio
PSP,SOL Y PLAYAS DE BRASIL
PSR,SOBERANO RUMO A SANTOS
PSS,SEMANA SANTA
PST,SANTOS - SANTOS
PSU,MINI CRUZEIRO SUR
PSV,SANTOS-RIO-BUZIOS-VITORIA
PSX,DE ST MARTIN A MALAGA
PSZ,SALVADOR-SANTOS
PTA,ITAJAI-BUZIOS-ILHABELA-SANTOS
PTB,TRANS I.MARG BARCELONA
PTC,TESOROS CLÁSICOS
PTD,TRANSAT ENTRE DEUX MONDE
PTE,TERRE SAINTE
PTI,CRUCERO TEMÁTICO M.IDADE
PTL,DE TOULON A BARCELONA
PTM,CRUCERO TEMATICO
PTO,Tosca
PTR,RITMO TROPICAL
PTS,Tierra Santa
PTU,Tutti Frutti
PTZ,COSTA AZUL
PUR,BUZIOS-SANTOS-RIO
PVB,ITAJAÍ-MONTEVIDEO-BUENOS AIRES
PVE,Vénézia
PVL,CARNAVAL EN CANARIAS
PVS,MONTEVIDEO-BUENOS AIRES-SANTOS
PWC,CARIBE MAYA
PWE,Weekend en Mer
PWL,WATERLAND
PZR,M. CRUZEIRO BUZIOS-P.TROP
PZT,SANTOS-SANTOS
SAM,SOUTH AMERICA
SAR,South American Repo
SPC,South Pacific
WCS,WESTBOUND COASTAL
WLD,WORLD
XAL,TRANSATLANTIC
XCL,TRANSCANAL
XPC,Transpacific
